active_summa_nt,calc_peny_debt_nt,contract_id,debt_all_nt,debt_on_date_nt,download_date,download_month,last_pay_date,no,overdue_day,overdue_prc_debt_nt,plan_debt_on_date_nt,plan_prc_debt_nt,prolongated,refunded,target,max_reduction,num_reduction,last_payment
25904.05,4204.86,2355834017,31611.83,4285.91,2018-04-30,4,2018-01-01,267408,146,1332.35,9823.12,0.0,0,0,,0,0,119
9986.85,1896.22,2931117511,13187.06,1765.85,2018-04-30,4,2018-03-06,267532,84,1073.8,4735.87,0.0,0,0,,0,0,55
6826.03,2832.87,2676344217,10780.95,1593.23,2018-04-30,4,2018-05-02,266456,84,958.08,5384.18,0.0,0,0,,0,0,0
0.0,265.55,1529230299,796.68,0.0,2018-04-30,4,2017-12-13,266670,237,531.13,796.68,0.0,0,0,,0,0,138
11419.03,1196.32,3092970990,14106.97,1107.43,2018-04-30,4,2018-03-06,267262,84,1202.89,3506.64,0.0,0,0,,0,0,55
2048.11,5781.5,2096509142,8432.85,2048.11,2018-04-30,4,2017-11-05,266878,237,603.24,8432.85,0.0,0,0,,0,0,176
12496.0,994.82,1907539307,14961.6,2085.0,2018-04-30,4,2018-03-26,266704,70,1347.56,4427.38,0.0,0,0,,0,0,35
2954.25,9639.28,2443923305,13372.28,2954.25,2018-04-30,4,2018-01-13,267512,113,778.75,13372.28,0.0,0,0,,0,0,107
5437.16,5869.76,2298323154,12495.68,2316.55,2018-04-30,4,2017-10-01,267655,238,1124.59,9310.9,0.0,0,0,,11.61999999999989,22,211
2800.87,887.62,2365375865,4073.39,1111.4,2018-04-30,4,2018-05-01,267042,85,334.36,2333.38,0.0,0,0,,0,0,0
1893.84,2276.76,2298165310,4686.76,1250.78,2018-04-30,4,2018-03-13,267747,208,497.66,4025.2,0.0,0,0,,0,0,48
5247.42,1040.24,2923729131,7179.62,1135.82,2018-04-30,4,2018-05-23,266415,117,767.24,2943.3,0.0,0,0,,0,0,0
5285.81,4852.5,2723746880,10980.21,2166.92,2018-04-30,4,2018-03-28,267346,223,805.2,7824.62,0.0,0,0,,0,0,33
15955.39,2486.05,2057147484,19217.51,5715.73,2018-04-30,4,2018-05-19,267145,70,696.96,8898.73,0.0,0,0,,35.17000000000007,20,0
13702.34,6148.03,1283916114,22348.0,5972.51,2018-04-30,4,2018-04-27,266959,173,2286.44,14406.98,0.0,1,0,,0,0,3
3924.81,3036.4,1213879324,7682.16,1599.66,2018-04-30,4,2018-01-06,266506,148,645.42,5281.48,0.0,0,0,,0,0,114
4893.79,5387.17,2404974097,11755.05,1238.8,2018-04-30,4,2018-05-09,267232,193,1431.45,8057.42,0.0,0,0,,0,0,0
16808.34,1341.82,1192487078,19197.6,11839.62,2018-04-30,4,2018-01-13,267725,361,1047.43,14228.87,0.0,0,0,,35.93000000000029,22,107
889.74,952.5,2517635595,1960.99,889.74,2018-04-30,4,2018-03-05,266665,85,118.75,1960.99,0.0,0,0,,0,0,56
6417.16,6882.76,2094340879,15049.89,3102.31,2018-04-30,4,2017-11-05,266566,208,1654.61,11639.68,0.0,0,0,,0,0,176
11574.79,517.54,2710452305,13574.0,2541.85,2018-04-30,4,2018-03-26,267293,193,1481.67,4541.06,0.0,0,0,,0,0,35
33776.77,6677.29,2227873414,44810.01,4334.44,2018-04-30,4,2018-01-30,267058,116,3750.99,14762.72,0.0,0,0,,72.19999999999709,22,90
8300.17,9464.23,603719589,20269.56,4566.96,2018-04-30,4,2018-05-01,267029,295,2447.65,16478.84,0.0,1,0,,17.73999999999978,21,0
6860.06,673.14,2851997649,8258.77,793.11,2018-04-30,4,2018-04-06,267069,82,576.93,2043.18,0.0,0,0,,0,0,24
4776.49,1075.29,2710401922,6427.08,2731.35,2018-04-30,4,2018-03-20,266680,70,549.22,4355.86,0.0,0,0,,0,0,41
4672.87,2264.61,2852005132,7313.23,1597.85,2018-04-30,4,2018-04-28,266944,82,300.41,4162.87,0.0,0,0,,0,0,2
6684.62,15753.64,2664543501,23538.62,4563.68,2018-04-30,4,2018-05-04,266241,209,1028.36,21345.68,0.0,0,0,,0,0,0
21501.02,21577.66,1341996018,50197.3,10720.84,2018-04-30,4,2018-05-24,266547,301,6773.06,39071.56,0.0,0,0,,0,0,0
2500.0,3525.0,2514500365,6453.25,2500.0,2018-04-30,4,2018-02-04,267085,117,428.25,6453.25,0.0,0,0,,0,0,85
3096.33,2850.16,2684188368,6379.27,2073.68,2018-04-30,4,2018-02-16,266380,141,405.34,5329.18,0.0,0,0,,0,0,73
3500.0,1302.8,3186856963,5386.72,0.0,2018-04-30,4,2018-01-08,266467,113,522.7,2826.8,0.0,0,0,,0,0,112
7340.12,23149.38,1690135090,33793.12,7340.12,2018-04-30,4,2018-05-16,266842,295,3303.63,33793.12,0.0,0,0,,17.590000000000146,21,0
1091.93,1294.72,2508820562,2712.28,0.0,2018-04-30,4,2017-12-08,266764,148,788.52,2083.24,0.0,0,0,,0,0,143
13081.62,15626.51,605362799,33913.56,4864.91,2018-04-30,4,2018-05-02,266582,361,5039.57,25530.99,0.0,1,0,,27.969999999999345,21,0
4172.43,1337.6,2837090001,6219.89,976.53,2018-04-30,4,2018-02-05,266239,116,616.65,2930.78,0.0,0,0,,0,0,84
7008.98,3966.82,2585823939,12440.33,2154.77,2018-04-30,4,2018-05-02,266372,116,1306.1,7427.69,0.0,0,0,,0,0,0
5438.83,4093.53,1830819922,10695.12,3990.64,2018-04-30,4,2018-01-06,267702,203,1127.15,9211.32,0.0,0,0,,0,0,114
9689.94,2584.02,2248208781,13453.87,2289.65,2018-04-30,4,2018-03-01,267129,75,1051.55,5925.22,0.0,0,0,,0,0,60
31496.4,21217.18,399131723,58507.34,27825.41,2018-04-30,4,2018-05-23,266882,271,5718.84,54761.42,0.0,1,0,,68.18000000000029,21,0
8400.7,918.37,1773532898,9620.75,1147.25,2018-04-30,4,2018-05-09,267254,71,224.26,2289.88,0.0,0,0,,190.84000000000015,21,0
38667.25,586.62,2098310529,44978.69,4972.99,2018-04-30,4,2018-01-28,266867,113,5414.65,10974.26,0.0,0,0,,0,0,92
577.82,335.37,2379151977,937.12,577.82,2018-04-30,4,2018-05-06,266348,82,23.93,937.12,0.0,0,0,,0,0,0
2645.16,8099.23,1984745593,11226.36,1487.61,2018-04-30,4,2018-05-18,267449,225,465.99,10052.83,0.0,0,0,,0,0,0
4171.14,517.81,2914036358,5257.69,0.0,2018-04-30,4,2018-05-01,267770,85,460.1,1699.92,0.0,0,0,,0,0,0
8825.25,950.78,2376606530,11400.69,8825.25,2018-04-30,4,2017-11-09,267435,204,1624.66,11400.69,0.0,0,0,,0,0,172
7898.2,5473.66,2446777273,15234.3,2199.48,2018-04-30,4,2018-01-04,267350,175,1722.82,9395.96,0.0,0,0,,0,0,116
3853.47,1487.6,1805335608,5813.86,2678.58,2018-04-30,4,2018-03-23,267429,148,448.34,4614.52,0.0,0,0,,8.239999999999782,22,38
5381.72,5287.77,2243214728,11058.34,3408.68,2018-04-30,4,2018-05-25,266567,106,350.25,9046.7,0.0,0,0,,0,0,0
1695.0,1550.6,3121217090,3514.28,1327.51,2018-04-30,4,2018-02-15,266974,106,262.68,3140.79,0.0,0,0,,0,0,74
13087.33,2995.25,2990457082,17533.09,3738.89,2018-04-30,4,2018-03-02,266207,64,1395.97,8130.11,0.0,0,0,,0,0,59
9553.71,12827.04,2412376957,26426.45,4171.7,2018-04-30,4,2017-07-28,267215,307,4014.31,21011.88,0.0,0,0,,0,0,276
883.67,809.66,2174352052,1787.56,619.82,2018-04-30,4,2018-04-09,266862,78,88.46,1517.94,0.0,0,0,,0,0,21
4652.44,1434.18,2634408643,7056.67,0.0,2018-04-30,4,2018-05-10,267711,159,943.72,4149.91,0.0,0,0,,0,0,0
2803.02,2145.89,985319497,5242.76,2803.02,2018-04-30,4,2018-02-15,267073,161,293.86,5242.76,0.0,0,0,,5.9900000000002365,22,74
3142.48,2631.16,2499408925,5982.82,1173.73,2018-04-30,4,2018-05-04,266228,148,147.17,3952.06,0.0,0,0,,0,0,0
2718.57,700.67,1734757924,3954.32,1386.59,2018-04-30,4,2018-03-02,266970,280,527.28,2614.54,0.0,1,0,,0,0,59
3724.99,2811.34,2284498077,7166.1,2020.61,2018-04-30,4,2018-02-03,267222,118,576.82,5408.77,0.0,0,0,,0,0,86
13642.42,6937.55,1905426001,26214.36,2258.64,2018-04-30,4,2018-05-01,267001,291,5445.76,14641.95,0.0,0,0,,0,0,0
3707.79,5511.64,2347757824,10279.89,2252.21,2018-04-30,4,2017-11-06,267234,239,1015.24,8779.09,0.0,0,0,,0,0,175
2509.99,2967.82,2532802060,6307.77,1259.7,2018-04-30,4,2017-10-12,266648,231,801.21,5028.73,0.0,0,0,,0,0,200
6136.43,2409.77,1305767737,11040.48,3368.7,2018-04-30,4,2017-07-30,267243,284,2469.12,8247.59,0.0,0,0,,0,0,274
2834.71,671.18,1734756874,4079.5,1339.95,2018-04-30,4,2018-03-02,266329,280,564.91,2576.04,0.0,1,0,,0,0,59
6230.67,5031.53,2523050724,12436.33,2213.79,2018-04-30,4,2018-02-03,267757,113,1075.71,8321.03,0.0,0,0,,0,0,86
6986.35,4504.12,1183112752,11712.69,3786.37,2018-04-30,4,2018-04-27,267653,161,201.59,8492.08,0.0,0,0,,14.94000000000051,22,3
5967.94,1668.55,2720445164,8618.1,1678.39,2018-04-30,4,2018-02-23,266608,98,942.41,4289.35,0.0,0,0,,0,0,66
3879.9,1440.66,2285023389,5457.38,816.29,2018-04-30,4,2018-05-09,266911,85,41.63,2298.58,0.0,0,0,,0,0,0
2209.53,6247.42,1984747688,8935.39,1051.98,2018-04-30,4,2018-03-21,267499,134,462.46,7761.86,0.0,0,0,,0,0,40
2903.96,396.12,3039741941,3778.95,686.21,2018-04-30,4,2018-04-06,267717,104,445.24,1527.57,0.0,0,0,,0,0,24
7032.48,797.8,2720933003,8860.61,803.64,2018-04-30,4,2018-02-23,267731,98,979.46,2580.9,0.0,0,0,,0,0,66
7819.33,743.97,3163432374,9629.96,694.49,2018-04-30,4,2018-03-05,267565,85,842.23,2280.69,0.0,0,0,,0,0,56
1285.17,1446.52,2697937348,3009.94,871.74,2018-04-30,4,2018-01-01,267764,137,270.69,2588.95,0.0,0,0,,0,0,119
2642.29,8080.68,1984742434,11203.87,1484.74,2018-04-30,4,2018-05-18,267310,225,464.92,10030.34,0.0,0,0,,0,0,0
18387.05,2053.53,1972198780,23485.1,6030.29,2018-04-30,4,2018-01-15,266627,323,3044.52,11128.35,0.0,0,0,,39.31000000000131,22,105
5178.99,2241.52,2119954481,8212.64,1862.97,2018-04-30,4,2018-01-29,266824,103,746.8,4851.29,0.0,0,0,,0,0,91
11440.15,8192.7,1571888104,25289.56,5029.37,2018-04-30,4,2017-06-19,266771,347,5563.98,18786.05,0.0,0,0,,0,0,315
3978.24,3805.37,2198550064,8560.34,1704.3,2018-04-30,4,2018-01-05,267022,190,758.41,6268.08,0.0,0,0,,0,0,115
6437.0,2309.26,2555650381,9842.13,2253.11,2018-04-30,4,2018-01-26,266991,99,1057.63,5620.0,0.0,0,0,,0,0,94
3005.96,789.66,2537857476,4338.49,895.91,2018-04-30,4,2018-03-20,267437,106,504.31,2189.88,0.0,0,0,,0,0,41
5838.12,4303.27,2469570298,11000.26,2330.09,2018-04-30,4,2018-02-13,267407,104,805.67,7439.03,0.0,0,0,,0,0,76
9406.51,3280.62,2284485247,13953.53,796.15,2018-04-30,4,2018-03-03,266336,85,998.88,5075.65,0.0,0,0,,0,0,58
5134.16,4645.5,2388176935,10714.43,2378.86,2018-04-30,4,2018-02-10,266387,106,880.12,7904.48,0.0,0,0,,0,0,79
2931.85,3456.46,2532805934,7378.79,1468.64,2018-04-30,4,2017-10-12,267302,231,956.1,5881.2,0.0,0,0,,0,0,200
37663.58,27258.05,2084733942,73384.1,37663.58,2018-04-30,4,2018-05-16,266626,271,8462.48,73384.1,0.0,0,0,,81.15000000000146,21,0
2664.27,7073.1,1779188742,10497.26,0.0,2018-04-30,4,2018-05-12,266392,102,753.66,9876.75,0.0,0,0,,7.220000000000255,21,0
6800.4,9734.0,2393945110,17580.04,3969.58,2018-04-30,4,2018-03-01,267513,197,999.41,14702.99,0.0,0,0,,0,0,60
10891.47,6570.1,1183188731,18158.34,5220.1,2018-04-30,4,2018-05-26,266977,131,664.16,12454.35,0.0,0,0,,26.13000000000102,20,0
4636.02,0.0,2388256883,4567.32,2664.64,2018-04-30,4,2018-04-30,266789,200,-68.7,2664.64,0.0,0,0,,0,0,0
4067.78,5107.66,1711841804,9740.57,4067.78,2018-04-30,4,2018-03-28,267170,180,565.14,9740.57,0.0,1,0,,8.700000000000273,22,33
3919.56,1358.03,2977526822,5872.05,1585.77,2018-04-30,4,2018-04-05,266791,99,575.4,3519.2,0.0,0,0,,0,0,25
6954.01,3568.67,2555543590,11964.46,2743.81,2018-04-30,4,2018-01-21,266190,131,1403.31,7715.79,0.0,0,0,,0,0,99
12938.25,7143.86,1739906541,22721.84,4423.59,2018-04-30,4,2017-10-26,267672,271,2447.03,14014.48,0.0,0,0,,27.659999999999854,22,186
4779.95,10161.82,1969886763,16856.91,3216.89,2018-04-30,4,2017-08-10,266780,323,1880.96,15259.67,0.0,0,0,,0,0,263
4098.56,967.68,2264765301,5528.42,967.32,2018-04-30,4,2018-03-01,266654,68,436.96,2371.96,0.0,0,0,,0,0,60
0.0,0.0,1981940307,113.36,0.0,2018-04-30,4,2018-02-17,267531,104,113.36,113.36,0.0,0,0,,0,0,72
20859.23,10751.12,825140145,35292.01,8945.84,2018-04-30,4,2017-10-26,266294,249,3631.62,23328.58,0.0,1,0,,44.590000000000146,22,186
170850.19,3260.16,1089967726,183364.53,77204.69,2018-04-30,4,2017-10-04,266896,237,9254.19,89719.04,0.0,1,0,,365.20999999999185,22,208
26983.92,41006.67,1123085969,74318.03,20809.28,2018-04-30,4,2018-02-09,266469,350,6262.11,68078.05,0.0,0,0,,57.68000000000029,22,80
6397.12,3340.65,2530425990,10944.37,2254.24,2018-04-30,4,2018-01-26,266501,110,1103.83,6698.72,0.0,0,0,,0,0,94
4497.39,4755.67,2355470327,10017.63,1799.64,2018-04-30,4,2018-02-04,266761,85,680.75,7236.06,0.0,0,0,,0,0,85
3561.73,1004.23,1355588711,4840.73,1218.73,2018-04-30,4,2018-04-14,266861,109,223.07,2446.03,0.0,0,0,,0,0,16
9476.95,4317.28,2735410613,16226.23,2203.11,2018-04-30,4,2018-03-28,267217,210,2202.88,8723.27,0.0,0,0,,0,0,33
5722.72,4581.24,2463523932,11324.33,2310.6,2018-04-30,4,2018-02-03,267488,106,964.64,7856.48,0.0,0,0,,0,0,86
13855.37,9111.88,1807699226,26202.08,5091.66,2018-04-30,4,2018-01-19,266962,330,3051.99,17255.53,0.0,0,0,,29.6200000000008,22,101
2900.2,1505.04,2499407702,4794.74,866.37,2018-04-30,4,2018-03-28,266644,85,325.43,2696.84,0.0,0,0,,0,0,33
1875.75,2112.72,1816064687,4783.88,0.0,2018-04-30,4,2018-02-24,267261,302,782.24,4394.14,0.0,0,0,,0,0,65
976.59,221.71,2574340999,1348.32,248.75,2018-04-30,4,2018-04-27,266540,88,123.41,593.87,0.0,0,0,,0,0,3
44882.81,74866.72,894716409,130050.26,44882.81,2018-04-30,4,2017-08-29,266983,285,10300.73,130050.26,0.0,0,0,,95.94000000000233,22,244
5467.47,0.0,1628603612,5467.47,5467.47,2018-04-30,4,2017-07-12,266321,323,0.0,5467.47,0.0,0,0,,11.6899999999996,22,292
18241.82,16961.4,2080147818,42328.74,4550.24,2018-04-30,4,2018-03-27,267345,302,6684.38,28196.02,0.0,0,0,,0,0,34
1377.34,1437.46,2281748446,3018.66,742.56,2018-04-30,4,2018-01-29,266614,148,186.33,2366.35,0.0,0,0,,0,0,91
15359.41,10766.76,1449537912,28414.99,6719.25,2018-04-30,4,2017-10-04,267518,239,2155.93,19638.47,0.0,0,0,,32.82999999999993,22,208
4201.09,6457.37,2212300953,11662.77,3010.93,2018-04-30,4,2017-12-01,267502,180,965.96,10434.26,0.0,0,0,,0,0,150
4428.23,1102.28,1608508356,7007.49,1066.3,2018-04-30,4,2018-04-27,267104,239,1371.76,3540.34,0.0,0,0,,0,0,3
4163.95,4262.26,1621460228,9114.01,4163.95,2018-04-30,4,2017-12-28,267355,159,687.8,9114.01,0.0,0,0,,8.899999999999636,22,123
10425.53,11713.31,1602480388,25751.96,4390.17,2018-04-30,4,2018-05-02,266481,334,3461.67,19565.14,0.0,0,0,,399.8099999999995,21,0
6527.48,2399.15,2570922131,9935.2,1702.91,2018-04-30,4,2018-02-04,266518,89,830.67,4932.73,0.0,0,0,,0,0,85
16390.58,2759.64,1734646774,21526.5,3773.39,2018-04-30,4,2018-01-30,267393,151,2090.33,8623.36,0.0,0,0,,35.039999999999054,22,90
2262.59,275.72,1594672732,3037.23,2262.59,2018-04-30,4,2017-12-29,267077,302,498.92,3037.23,0.0,0,0,,4.829999999999927,22,122
6882.5,9240.95,2350146750,18032.89,4021.24,2018-04-30,4,2017-11-02,266458,211,1815.55,15077.74,0.0,0,0,,0,0,179
12657.25,1453.42,1872837281,16251.02,2017.08,2018-04-30,4,2018-02-02,266950,119,1797.53,5268.03,0.0,0,0,,0,0,87
1953.92,381.83,2735888188,2624.51,734.29,2018-04-30,4,2018-05-04,267098,87,243.74,1359.86,0.0,0,0,,0,0,0
6525.93,4564.51,2573927259,12261.12,1651.22,2018-04-30,4,2018-03-23,267373,88,992.48,7208.21,0.0,0,0,,0,0,38
1644.07,2119.0,1816065442,4449.77,1315.88,2018-04-30,4,2017-07-21,267084,302,675.37,4110.25,0.0,0,0,,0,0,283
102093.13,60680.87,1869018254,170362.11,28046.02,2018-04-30,4,2018-04-30,267324,240,6117.67,94844.56,0.0,0,0,,218.23000000001048,22,0
285.56,200.02,2468990098,533.23,285.56,2018-04-30,4,2018-02-17,266860,104,47.65,533.23,0.0,0,0,,0,0,72
6658.54,16387.02,926076700,25229.49,6658.54,2018-04-30,4,2018-04-14,266731,258,2183.93,25229.49,0.0,0,0,,14.229999999999563,21,16
1341.21,0.0,1621720308,1341.21,1341.21,2018-04-30,4,2018-02-03,267221,175,0.0,1341.21,0.0,0,0,,0,0,86
12979.93,790.73,1594695345,13833.95,4770.16,2018-04-30,4,2018-05-03,266823,272,63.29,5624.17,0.0,0,0,,27.75,21,0
16457.51,3925.47,1589154372,22459.71,6668.23,2018-04-30,4,2018-03-12,267178,301,2003.93,12597.64,0.0,0,0,,35.18000000000029,22,49
6882.5,9240.95,2350163515,18032.89,4021.24,2018-04-30,4,2017-11-02,266576,211,1815.55,15077.74,0.0,0,0,,0,0,179
6944.34,4703.28,2492310755,13096.38,2751.12,2018-04-30,4,2018-01-04,266222,148,1311.79,8766.19,0.0,0,0,,0,0,116
1352.13,3663.26,1589079968,5131.39,0.0,2018-04-30,4,2018-03-03,267696,89,116.0,5131.39,0.0,0,0,,2.8899999999998727,22,58
14228.25,24959.1,1677282791,42716.57,14228.25,2018-04-30,4,2017-08-10,267706,273,3527.97,42715.32,0.0,0,0,,30.409999999999854,22,263
576.81,2499.23,1818375619,3384.28,576.81,2018-04-30,4,2017-08-07,267527,363,308.24,3384.28,0.0,0,0,,0,0,266
455.19,3349.22,1165360843,4058.18,455.19,2018-04-30,4,2018-05-19,267507,260,253.24,4057.65,0.0,0,0,,1.3999999999999773,21,0
2807.88,12830.69,2192537085,16139.78,2807.88,2018-04-30,4,2017-12-28,266745,253,501.21,16139.78,0.0,0,0,,0,0,123
299.98,0.0,1853589675,292.02,299.98,2018-04-30,4,2017-10-07,266390,344,0.0,299.98,0.0,0,0,,0,0,205
664.82,2515.65,2347523078,3427.49,664.82,2018-04-30,4,2017-08-24,267778,313,247.02,3427.49,0.0,0,0,,0,0,249
3036.26,8088.09,792522603,11381.14,3036.26,2018-04-30,4,2018-02-15,267446,316,256.79,11381.14,0.0,0,0,,6.489999999999782,22,74
27669.41,0.0,664715551,30860.51,27669.41,2018-04-30,4,2017-09-11,266425,231,3191.1,30860.51,0.0,1,1,,59.150000000001455,22,231
564.74,402.62,1443156304,1020.97,564.74,2018-04-30,4,2018-03-19,266695,159,53.61,1020.97,0.0,1,0,,0,0,42
1922.96,4336.21,784920848,6623.07,1922.96,2018-04-30,4,2018-04-06,267767,202,363.54,6622.72,0.0,0,0,,4.1099999999999,22,24
45.66,1163.16,2048706899,1276.67,45.66,2018-04-30,4,2018-01-15,266535,225,67.85,1276.67,0.0,0,0,,0,0,105
1.07,340.52,790927844,341.68,1.07,2018-04-30,4,2018-01-02,266484,134,0.09,341.68,0.0,0,0,,0.010000000000000009,1,118
7547.68,25621.79,2261853824,35105.83,7547.68,2018-04-30,4,2017-11-09,267113,222,1936.36,35105.83,0.0,0,0,,0,0,172
0.0,1547.42,709547911,3055.46,0.0,2018-04-30,4,2018-01-16,267269,316,1509.55,3056.97,0.0,1,0,,0,0,104
3545.66,17761.57,2171915882,22775.72,3545.66,2018-04-30,4,2017-06-10,266678,356,1468.49,22775.72,0.0,0,0,,0,0,324
997.12,2628.8,885978103,3790.45,997.12,2018-04-30,4,2018-04-02,267208,71,162.22,3788.14,0.0,0,0,,2.130000000000109,22,28
375.35,3166.62,1782183372,3725.36,0.0,2018-04-30,4,2017-06-16,266767,344,180.24,3722.21,0.0,0,0,,0,0,318
1714.43,4143.6,1379338740,6300.15,0.0,2018-04-30,4,2017-06-24,267591,342,441.67,6299.71,0.0,0,0,,3.6699999999998454,22,310
1455.55,2296.11,1826758509,4105.7,1455.55,2018-04-30,4,2017-12-08,266386,174,354.04,4105.7,0.0,0,0,,0,0,143
434.27,668.77,2367741084,1224.59,434.27,2018-04-30,4,2018-03-12,266276,147,121.55,1224.59,0.0,0,0,,0,0,49
2104.37,4843.25,1694305318,8254.1,2104.37,2018-04-30,4,2018-05-27,266479,169,1305.68,8253.3,0.0,0,0,,0,0,0
34617.63,0.0,704712237,37869.08,34617.63,2018-04-30,4,2018-05-18,267657,197,3251.45,37869.08,0.0,1,1,,76.13999999999942,21,0
4181.04,8107.59,1446403039,13082.26,4181.04,2018-04-30,4,2018-03-03,267013,307,792.12,13080.75,0.0,0,0,,0,0,58
3758.06,12779.86,1987228368,17273.2,3758.06,2018-04-30,4,2018-05-20,267327,224,735.28,17273.2,0.0,0,0,,0,0,0
22134.21,48486.07,541659308,87414.94,22134.21,2018-04-30,4,2018-05-20,267255,211,16794.65,87414.94,0.0,1,1,,49.45000000000073,22,0
0.0,8169.87,1938747164,11234.03,0.0,2018-04-30,4,2017-08-31,267709,364,3064.17,11234.03,0.0,0,0,,0,0,242
52959.79,0.0,785034743,58049.85,52959.79,2018-04-30,4,2016-03-29,267343,141,5090.06,58049.85,0.0,1,1,,113.20000000000437,22,762
0.0,0.0,757965647,161545.23,0.0,2018-04-30,4,2018-01-25,267026,151,161545.23,161545.23,0.0,1,1,,0,0,95
237.26,1366.83,1382662895,1787.45,237.26,2018-04-30,4,2017-08-18,266598,310,183.36,1787.45,0.0,0,0,,0,0,255
2701.25,0.0,550253437,44347.18,0.0,2018-04-30,4,2017-12-17,266931,254,41645.94,44347.18,0.0,1,1,,5.779999999999745,22,134
34430.08,0.0,600388649,37018.26,34430.08,2018-04-30,4,2017-10-30,267693,281,2588.18,37018.26,0.0,0,1,,73.58999999999651,22,182
850.2,2238.42,2394083577,3216.71,850.2,2018-04-30,4,2018-03-07,267239,106,128.09,3216.71,0.0,0,0,,0,0,54
684.07,711.44,835973548,6429.3,684.07,2018-04-30,4,2017-10-19,266273,105,5033.79,6429.3,0.0,1,1,,1.4600000000000364,22,193
315.48,1075.58,1805254883,1503.9,0.0,2018-04-30,4,2018-04-28,267186,148,112.84,1503.9,0.0,0,0,,0,0,2
690.03,8097.35,1955468257,9259.72,690.03,2018-04-30,4,2018-04-29,266758,330,472.34,9259.72,0.0,0,0,,0,0,1
3328.0,22861.05,2209342444,27638.87,3328.0,2018-04-30,4,2018-02-02,267598,239,1449.82,27638.87,0.0,0,0,,0,0,87
3153.94,1796.42,1957645204,6006.0,3153.94,2018-04-30,4,2017-06-24,267475,362,1055.64,6006.0,0.0,0,0,,0,0,310
1608.72,1527.72,1296651317,3848.11,1608.72,2018-04-30,4,2018-01-21,267391,350,711.67,3848.11,0.0,0,0,,0,0,99
0.0,0.0,704708866,41325.32,0.0,2018-04-30,4,2018-04-02,267682,197,79756.7,79756.7,0.0,1,1,,0,0,28
375.13,2509.09,1875510629,2956.69,375.13,2018-04-30,4,2018-01-13,267002,363,72.47,2956.69,0.0,0,0,,0,0,107
56245.64,0.0,543283239,62165.18,56245.64,2018-04-30,4,2018-05-19,266217,336,5919.54,62165.18,0.0,0,1,,120.66000000000349,21,0
2741.05,0.0,1459879431,2741.05,2741.05,2018-04-30,4,2018-02-15,267079,210,0.0,2741.05,0.0,0,0,,0,0,74
12915.4,0.0,832127951,27538.22,12915.4,2018-04-30,4,2018-04-26,266616,106,14622.81,27541.15,0.0,1,1,,27.610000000000582,22,4
526.75,1548.81,1699343604,2209.27,526.75,2018-04-30,4,2018-04-19,266792,230,133.71,2209.27,0.0,0,0,,0,0,11
1063.43,4061.82,800913847,5382.23,1063.43,2018-04-30,4,2018-03-13,266844,119,256.7,5381.96,0.0,0,0,,2.270000000000209,22,48
0.0,0.0,1221051259,51743.03,0.0,2018-04-30,4,2018-01-22,266909,231,51743.03,51743.03,0.0,1,1,,0,0,98
440.39,2241.33,2048706626,2829.18,440.39,2018-04-30,4,2017-08-17,267238,288,147.46,2829.18,0.0,0,0,,0,0,256
2322.95,6263.62,1216347619,9245.03,2322.95,2018-04-30,4,2018-05-12,267728,298,658.47,9245.03,0.0,0,0,,5.579999999999927,21,0
9545.73,35875.28,885881434,84707.29,9545.73,2018-04-30,4,2018-05-23,267360,256,39931.5,85352.51,0.0,0,1,,22.540000000000873,21,0
1451.26,9663.76,2255865915,12157.09,1451.26,2018-04-30,4,2018-04-19,266893,347,1042.07,12157.09,0.0,0,0,,0,0,11
5411.4,12257.61,1734772393,19708.5,5411.4,2018-04-30,4,2017-10-04,267722,334,2036.78,19705.79,0.0,0,0,,0,0,208
34927.66,0.0,736512184,34896.64,34927.66,2018-04-30,4,2016-09-01,267017,175,0.0,34927.66,0.0,1,1,,74.66000000000349,22,606
2044.15,12617.43,2015397718,15458.11,2044.15,2018-04-30,4,2017-07-01,266208,330,796.53,15458.11,0.0,0,0,,0,0,303
1332.93,1952.83,1639686289,3828.91,1332.93,2018-04-30,4,2017-09-25,267533,316,543.15,3828.91,0.0,0,0,,0,0,217
0.0,3827.25,1425040626,5629.89,0.0,2018-04-30,4,2018-01-12,266740,351,1802.64,5629.89,0.0,0,0,,0,0,108
0.0,4438.17,1416909369,7412.04,0.0,2018-04-30,4,2017-07-01,267133,323,2973.87,7412.04,0.0,0,0,,0,0,303
0.0,0.0,760410395,128037.26,0.0,2018-04-30,4,2018-03-26,267663,150,128037.26,128037.26,0.0,1,1,,0,0,35
2244.27,3109.27,1418989791,5669.16,2244.27,2018-04-30,4,2018-02-12,266729,231,314.76,5668.3,0.0,0,0,,0,0,77
16820.08,10596.72,715204501,36513.39,16820.08,2018-04-30,4,2016-12-01,267250,190,9096.59,36513.39,0.0,1,1,,35.960000000002765,22,515
0.0,35049.88,684575601,35180.01,0.0,2018-04-30,4,2018-03-03,266218,211,125.6,35175.48,0.0,0,0,,0,0,58
0.0,0.0,741808546,130995.12,0.0,2018-04-30,4,2017-08-28,267374,169,130995.12,130995.12,0.0,0,1,,0,0,245
0.0,1194.18,1449402926,1483.42,0.0,2018-04-30,4,2017-09-29,267265,239,289.24,1483.42,0.0,0,0,,0,0,213
981.9,2971.57,2125375256,4237.21,981.9,2018-04-30,4,2017-12-20,266477,223,283.74,4237.21,0.0,0,0,,0,0,131
3768.59,14863.25,1105987892,19450.3,3768.59,2018-04-30,4,2017-12-08,267101,239,817.93,19449.77,0.0,1,0,,8.059999999999945,22,143
5686.57,16165.96,1353668846,23611.85,5686.57,2018-04-30,4,2017-08-24,267279,355,1758.7,23611.23,0.0,0,0,,12.159999999999854,22,249
325.28,4304.67,1882441241,4916.28,325.28,2018-04-30,4,2017-10-29,267454,302,286.33,4916.28,0.0,0,0,,0,0,183
3313.47,10028.93,1414683145,14595.89,3313.47,2018-04-30,4,2018-04-30,266682,265,1252.93,14595.33,0.0,0,0,,0,0,0
2795.22,5805.93,1542534851,10134.19,2795.22,2018-04-30,4,2018-03-05,266634,363,1532.7,10133.85,0.0,0,0,,0,0,56
69533.38,0.0,846686730,184713.45,69533.38,2018-04-30,4,2018-03-23,266657,89,115180.08,184713.45,0.0,1,1,,148.6299999999901,22,38
513.49,4357.37,835762454,4880.55,513.49,2018-04-30,4,2018-05-04,266355,105,9.69,4880.55,0.0,0,0,,1.3900000000001,19,0
6343.88,9832.04,1197970852,18561.97,6343.88,2018-04-30,4,2017-07-01,267313,364,2381.79,18557.71,0.0,0,0,,13.5600000000004,22,303
554.42,2789.72,1959840384,3530.81,0.0,2018-04-30,4,2017-09-28,267636,300,186.67,3530.81,0.0,0,0,,0,0,214
1130.72,10209.38,2024361830,11935.65,1130.72,2018-04-30,4,2017-10-29,267610,272,595.55,11935.65,0.0,0,0,,0,0,183
956.98,7168.21,1935999246,8543.37,956.98,2018-04-30,4,2017-09-29,266790,273,418.18,8543.37,0.0,0,0,,0,0,213
3879.09,8453.29,1868917421,14045.2,3879.09,2018-04-30,4,2017-07-01,266631,334,1711.12,14043.5,0.0,0,0,,0,0,303
149.9,62.21,1872935320,227.25,149.9,2018-04-30,4,2018-03-06,266391,119,15.14,227.25,0.0,0,0,,0,0,55
20485.29,0.0,713621727,35793.77,20485.29,2018-04-30,4,2018-05-01,267356,190,15308.48,35793.77,0.0,1,1,,43.780000000002474,21,0
26365.9,0.0,745089896,64642.61,26365.9,2018-04-30,4,2018-05-24,267153,169,38276.71,64642.61,0.0,1,1,,69.18000000000029,21,0
108.87,2040.76,1955278732,2268.68,108.87,2018-04-30,4,2017-09-24,267440,271,119.05,2268.68,0.0,0,0,,0,0,218
4427.15,14075.9,1585723676,19685.05,4427.15,2018-04-30,4,2017-11-03,266341,341,1180.05,19683.09,0.0,0,0,,9.460000000000036,22,178
1135.53,3760.78,1497581875,5064.74,1135.53,2018-04-30,4,2018-02-20,266455,348,168.43,5064.74,0.0,0,0,,0,0,69
3366.7,16669.35,2250797471,21260.73,3366.7,2018-04-30,4,2017-11-27,266402,288,1224.68,21260.73,0.0,0,0,,0,0,154
6079.27,20998.61,1098659351,28890.44,6079.27,2018-04-30,4,2017-08-17,267103,333,1812.03,28889.91,0.0,0,0,,13.0,22,256
2384.4,1204.12,2243405060,3944.53,0.0,2018-04-30,4,2018-02-19,267035,169,356.01,3944.53,0.0,0,0,,0,0,70
1782.34,2851.73,2358722054,4751.22,1782.34,2018-04-30,4,2018-03-09,267752,92,117.15,4751.22,0.0,0,0,,3.810000000000173,22,52
208.0,295.36,2314801992,520.59,208.0,2018-04-30,4,2018-03-18,266997,106,17.23,520.59,0.0,0,0,,0,0,43
68.85,1082.41,1963203254,1214.4,68.85,2018-04-30,4,2017-10-27,266384,295,63.14,1214.4,0.0,0,0,,0,0,185
23332.66,20532.67,853394027,59180.74,23332.66,2018-04-30,4,2018-01-19,266783,89,15315.41,59180.74,0.0,1,1,,49.86999999999898,22,101
0.0,0.0,865887459,82516.87,0.0,2018-04-30,4,2017-06-26,267630,85,82516.87,82516.87,0.0,0,1,,0,0,308
24777.86,0.0,1119636486,25963.96,24777.86,2018-04-30,4,2018-03-02,266450,291,1186.09,25963.96,0.0,0,1,,52.95999999999913,22,59
0.0,47722.09,867323256,48303.5,0.0,2018-04-30,4,2018-04-26,266839,85,581.4,48303.5,0.0,0,0,,5.610000000000582,8,4
112.27,738.74,2227689418,894.1,112.27,2018-04-30,4,2017-07-05,266283,330,43.09,894.1,0.0,0,0,,0,0,299
1625.11,3107.25,2369811003,5003.91,1625.11,2018-04-30,4,2018-02-08,267219,113,271.55,5003.91,0.0,0,0,,0,0,81
361.82,10348.7,1929467934,11314.19,361.82,2018-04-30,4,2018-02-16,266774,302,603.67,11314.19,0.0,0,0,,0,0,73
2795.22,5808.51,1542534418,10136.77,2795.22,2018-04-30,4,2018-03-05,266875,363,1533.04,10136.77,0.0,0,0,,0,0,56
6027.8,18597.97,1576757598,26872.82,6027.8,2018-04-30,4,2018-05-18,266480,281,2247.04,26872.82,0.0,0,0,,15.029999999999745,22,0
0.0,0.0,454599300,12126.45,0.0,2018-04-30,4,2017-11-23,267726,114,12126.45,12126.45,0.0,1,1,,0,0,158
0.0,0.0,682631669,32138.51,0.0,2018-04-30,4,2017-07-01,267426,242,34349.82,34349.82,0.0,1,1,,0,0,303
717.87,5397.25,1905231944,6572.94,717.87,2018-04-30,4,2018-02-09,266785,351,457.82,6572.94,0.0,0,0,,0,0,80
4674.78,20889.45,2243383157,26757.89,4674.78,2018-04-30,4,2017-08-25,266505,292,1193.65,26757.89,0.0,0,0,,10.0,22,248
8107.91,31543.95,646506494,40477.62,8107.91,2018-04-30,4,2018-04-14,267120,364,825.75,40477.62,0.0,0,0,,17.340000000000146,21,16
2449.08,8391.41,2201519148,11653.51,2449.08,2018-04-30,4,2017-12-01,267298,272,813.02,11653.51,0.0,0,0,,0,0,150
127.8,388.52,1826714952,564.24,127.8,2018-04-30,4,2017-07-30,267694,327,47.92,564.24,0.0,0,0,,0,0,274
16361.82,38124.79,1449557554,62771.4,16361.82,2018-04-30,4,2017-06-02,267193,364,8277.53,62764.14,0.0,0,0,,0,0,332
865.75,129.86,1972268275,7159.68,865.75,2018-04-30,4,2018-04-28,266606,354,6164.07,7159.68,0.0,0,0,,19.19999999999709,22,2
34055.52,-253.06,722369783,37426.96,0.0,2018-04-30,4,2016-12-01,266272,181,3624.5,37700.37,0.0,1,1,,72.80000000000291,22,515
5260.36,11571.54,897340761,18416.47,5260.36,2018-04-30,4,2017-08-01,266810,280,1583.59,18415.49,0.0,0,0,,11.25,22,272
1069.92,1445.38,1147095337,2932.53,213.33,2018-04-30,4,2018-04-20,266851,85,398.3,2057.0,0.0,0,0,,6.5900000000001455,19,10
4137.2,10.55,2970903337,4254.89,175.85,2018-04-30,4,2018-05-27,266220,8,74.79,261.19,0.0,0,0,,0,0,0
3463.32,2031.76,2161271615,5714.26,374.46,2018-04-30,4,2018-04-29,266485,25,133.88,2540.1,0.0,0,0,,0,0,1
7955.12,166.31,1824432785,8532.97,829.57,2018-04-30,4,2018-04-26,266470,36,372.17,1368.04,0.0,0,0,,17.0,14,4
6963.33,302.12,1757438872,7348.29,0.0,2018-04-30,4,2018-05-27,266677,21,7.29,392.88,0.0,0,0,,15.710000000000036,14,0
3740.0,20.43,3385942926,3912.91,291.83,2018-04-30,4,2018-05-23,267665,8,124.32,436.58,0.0,0,0,,0,0,0
4000.0,183.68,3103416845,4426.01,437.34,2018-04-30,4,2018-05-09,267595,22,155.04,776.06,0.0,0,0,,0,0,0
24606.31,58.75,684810902,25595.08,0.0,2018-04-30,4,2018-05-16,267050,15,651.71,1129.92,0.0,1,0,,44.01000000000204,10,0
2313.0,46.14,1081238139,2431.75,769.0,2018-04-30,4,2018-05-18,267510,13,58.6,873.74,0.0,0,0,,0,0,0
1585.16,17.96,3157943788,1678.03,149.67,2018-04-30,4,2018-05-24,267525,29,28.02,195.65,0.0,0,0,,0,0,0
10563.96,72.99,3147654564,11141.71,364.94,2018-04-30,4,2018-05-20,266658,11,385.77,823.7,0.0,0,0,,0,0,0
22297.17,139.27,3270599936,23788.35,331.59,2018-04-30,4,2018-05-09,266398,22,813.75,1284.61,0.0,0,0,,0,0,0
11312.81,202.35,2693031018,12022.59,595.14,2018-04-30,4,2018-05-13,267286,18,328.27,1125.76,0.0,0,0,,0,0,0
3606.99,63.18,2399888507,3817.62,631.75,2018-04-30,4,2018-05-25,266363,6,129.1,824.03,0.0,0,0,,0,0,0
7534.67,795.74,2279498864,8848.89,215.94,2018-04-30,4,2018-05-04,266427,29,282.68,1294.36,0.0,0,0,,242.1800000000003,1,0
3317.6,2.66,2634703920,3349.93,0.0,2018-04-30,4,2018-05-23,266752,8,0.17,21.83,0.0,0,0,,0,0,0
7955.96,50.84,2886165676,8328.28,363.11,2018-04-30,4,2018-05-23,267716,8,259.47,673.42,0.0,0,0,,0,0,0
4405.57,100.53,2945467019,4752.48,295.66,2018-04-30,4,2018-05-13,266491,18,164.87,561.06,0.0,0,0,,0,0,0
5416.3,38.21,2391498569,5750.68,136.47,2018-04-30,4,2018-05-16,266297,15,209.93,384.61,0.0,0,0,,0,0,0
2497.4,79.58,1850302227,2701.51,795.82,2018-04-30,4,2018-05-20,267686,11,103.13,978.53,0.0,0,0,,0,0,0
3013.03,106.27,3267386934,3302.1,253.02,2018-04-30,4,2018-04-09,266753,22,115.18,474.47,0.0,0,0,,0,0,21
7326.29,123.13,3277673568,7865.38,342.03,2018-04-30,4,2018-05-12,266483,19,269.29,734.45,0.0,0,0,,0,0,0
2813.86,9537.73,656862448,13135.48,719.62,2018-04-30,4,2018-05-03,266492,28,783.89,11041.24,0.0,1,0,,6.0099999999997635,12,0
812.94,47.66,2574344096,922.58,85.1,2018-04-30,4,2018-05-02,267333,29,35.37,168.13,0.0,0,0,,0,0,0
113.45,32.9,2074194797,154.74,0.0,2018-04-30,4,2018-05-01,266407,30,8.12,154.47,0.0,0,0,,0,0,0
16929.18,27.13,3197876829,17286.93,339.05,2018-04-30,4,2018-05-26,266805,18,1.58,367.76,0.0,0,0,,0,0,0
3404.1,37.5,2893439019,3580.36,267.8,2018-04-30,4,2018-05-23,266802,8,113.14,418.44,0.0,0,0,,0,0,0
4852.33,18.18,3369692125,4965.92,0.0,2018-04-30,4,2018-05-16,267411,15,18.28,166.3,0.0,0,0,,0,0,0
1158.6,65.94,2679723050,1298.83,107.4,2018-04-30,4,2018-05-19,266825,22,48.53,221.87,0.0,0,0,,0,0,0
2556.55,1.2,2538104359,2604.4,8.55,2018-04-30,4,2018-05-23,267326,15,0.08,9.83,0.0,0,0,,0,0,0
6976.3,51.62,2576873721,7535.88,368.67,2018-04-30,4,2018-05-02,267613,29,279.27,699.56,0.0,0,0,,0,0,0
4270.59,114.13,2188274574,4590.49,0.0,2018-04-30,4,2018-05-18,267156,13,153.37,743.07,0.0,0,0,,0,0,0
3051.6,55.18,2463525731,3270.47,197.07,2018-04-30,4,2018-05-16,267175,15,117.07,369.32,0.0,0,0,,0,0,0
8735.0,3958.98,1872916059,13227.93,2106.33,2018-04-30,4,2018-05-02,266439,26,403.1,6468.41,0.0,0,0,,18.670000000000073,20,0
401.44,0.22,2150723124,413.97,5.65,2018-04-30,4,2018-05-28,266528,28,0.02,5.89,0.0,0,0,,0,0,0
2745.22,57.04,2872667777,2945.67,203.72,2018-04-30,4,2018-05-16,266534,15,101.9,362.66,0.0,0,0,,0,0,0
5006.0,3871.4,2001890593,9560.45,833.0,2018-04-30,4,2018-04-30,267521,28,553.4,5257.8,0.0,0,0,,0,0,0
2461.41,5.94,3302255798,2486.05,99.11,2018-04-30,4,2018-05-27,267556,8,0.33,105.38,0.0,0,0,,0,0,0
3884.77,0.07,3289607378,3943.74,1.17,2018-04-30,4,2018-05-27,267190,14,0.0,1.24,0.0,0,0,,0,0,0
5446.87,0.97,3147787475,5511.36,8.1,2018-04-30,4,2018-05-24,266795,11,0.06,9.13,0.0,0,0,,0,0,0
111.98,24.64,2532863212,138.22,111.98,2018-04-30,4,2018-05-19,266794,19,1.6,138.22,0.0,0,0,,0,0,0
4783.96,162.09,2538040713,5238.85,578.89,2018-04-30,4,2018-05-16,267370,15,215.94,956.92,0.0,0,0,,0,0,0
10872.58,52.33,1856728422,10998.26,1744.31,2018-04-30,4,2018-05-24,267635,8,10.32,1806.96,0.0,0,0,,0,0,0
729.58,89.27,2618648450,857.93,343.38,2018-04-30,4,2018-05-17,267624,14,32.53,465.18,0.0,0,0,,0,0,0
5102.03,30.9,2618502085,5405.75,120.94,2018-04-30,4,2018-05-27,266473,14,190.08,341.92,0.0,0,0,,0,0,0
1165.3,43.99,2394122675,1228.12,169.19,2018-04-30,4,2018-05-17,267748,15,2.56,215.74,0.0,0,0,,0,0,0
1387.92,118.62,2312071478,1584.0,0.0,2018-04-30,4,2018-05-12,266632,19,55.53,503.65,0.0,0,0,,0,0,0
2301.61,2.93,2816633053,2306.77,74.84,2018-04-30,4,2018-05-28,266973,8,0.09,77.86,0.0,0,0,,3.849999999999909,5,0
34614.96,472.25,2621529394,35952.61,0.0,2018-04-30,4,2018-05-01,267008,13,539.8,1012.06,0.0,0,0,,61.919999999998254,15,0
2982.34,301.55,3147780400,3523.72,591.41,2018-04-30,4,2018-04-20,266573,42,211.94,1104.9,0.0,0,0,,0,0,10
1585.51,0.78,3158004123,1637.87,0.0,2018-04-30,4,2018-05-25,267141,29,0.04,8.56,0.0,0,0,,0,0,0
3063.03,71.99,3197718978,3195.77,211.74,2018-04-30,4,2018-05-13,266286,18,4.2,287.93,0.0,0,0,,0,0,0
2615.13,41.1,2647543844,2762.49,293.57,2018-04-30,4,2018-05-23,266592,8,87.3,421.97,0.0,0,0,,0,0,0
3413.77,2273.07,1944014868,6012.67,1039.21,2018-04-30,4,2018-03-09,266663,57,256.2,3568.48,0.0,0,0,,0,0,52
6500.78,201.03,3350548427,7091.26,478.64,2018-04-30,4,2018-05-09,266646,22,248.93,928.6,0.0,0,0,,0,0,0
2635.96,102.12,2607173606,2887.91,0.0,2018-04-30,4,2018-05-12,266437,19,100.43,486.22,0.0,0,0,,0,0,0
4045.38,37.33,1095239873,4166.09,414.74,2018-04-30,4,2018-05-21,266532,29,2.93,455.01,0.0,0,0,,9.88000000000011,21,0
2815.82,692.51,1740001359,3655.08,1394.18,2018-04-30,4,2018-04-28,267112,28,117.06,2203.75,0.0,0,0,,6.019999999999982,21,2
64695.07,37.4,2684680372,70144.7,1246.53,2018-04-30,4,2018-05-27,267174,53,3735.6,5019.53,0.0,0,0,,0,0,0
7000.0,0.0,3242339402,7224.0,0.0,2018-04-30,4,2018-04-29,267780,1,0.0,224.0,224.0,0,0,,0,0,1
438.94,59.18,2183222164,520.65,211.35,2018-04-30,4,2018-05-16,266400,15,18.86,289.39,0.0,0,0,,0,0,0
1104.19,16.2,2933702985,1144.42,161.94,2018-04-30,4,2018-05-25,267060,22,0.94,179.08,0.0,0,0,,0,0,0
51822.4,1544.57,1941435500,55177.94,2508.19,2018-04-30,4,2018-05-01,266773,18,1246.0,5298.76,0.0,0,0,,92.69999999999709,15,0
7873.89,362.47,2284999120,8743.6,671.25,2018-04-30,4,2018-05-03,267476,28,283.47,1317.19,0.0,0,0,,0,0,0
4906.51,123.55,1125732991,5135.3,1235.52,2018-04-30,4,2018-05-20,266570,11,85.06,1444.13,0.0,0,0,,7.940000000000509,6,0
12811.67,545.65,1477891163,13521.9,950.93,2018-04-30,4,2018-05-25,266537,11,72.07,1568.65,0.0,0,0,,0,0,0
11089.6,49.88,3042266295,11682.14,207.86,2018-04-30,4,2018-05-18,267082,13,390.32,648.06,0.0,0,0,,0,0,0
1003.78,130.87,2732739835,1203.39,233.7,2018-04-30,4,2018-05-02,267569,29,43.59,408.16,0.0,0,0,,0,0,0
6242.63,153.72,1955154834,6798.48,284.68,2018-04-30,4,2018-05-03,266942,28,217.03,655.43,0.0,0,0,,0,0,0
3592.65,8.27,2713602948,3632.66,0.0,2018-04-30,4,2018-05-26,266990,8,0.53,112.28,0.0,0,0,,0,0,0
19740.07,84.06,2555545158,20395.93,600.4,2018-04-30,4,2018-05-23,267675,8,460.15,1144.61,0.0,0,0,,0,0,0
6704.17,0.0,2574273485,7159.14,0.0,2018-04-30,4,2018-05-04,266290,29,215.11,215.11,0.0,0,0,,0,0,0
328.85,1071.17,2697936633,1405.83,18.78,2018-04-30,4,2018-05-24,266196,15,0.14,1090.09,0.0,0,0,,0,0,0
13750.0,175.0,3369356978,14662.42,1250.0,2018-04-30,4,2018-05-16,267763,15,533.25,1958.25,0.0,0,0,,0,0,0
803.97,6.67,1073040741,820.42,166.39,2018-04-30,4,2018-05-26,267247,19,0.53,173.59,0.0,0,0,,1.759999999999991,13,0
3469.49,166.56,2400074148,3806.05,640.61,2018-04-30,4,2018-05-17,267369,14,127.1,934.27,0.0,0,0,,0,0,0
197.92,39.59,2122534528,239.78,197.92,2018-04-30,4,2018-05-20,266600,12,2.27,239.78,0.0,0,0,,0,0,0
2180.64,8.44,1800097201,2234.59,139.73,2018-04-30,4,2018-05-27,266229,29,0.36,148.53,0.0,0,0,,4.919999999999618,18,0
5699.55,12.27,1123110426,5772.52,488.07,2018-04-30,4,2018-05-25,266350,15,1.96,502.29,0.0,1,0,,10.25,9,0
3025.87,11.35,1138189140,3049.16,567.78,2018-04-30,4,2018-05-26,266571,6,1.72,580.85,0.0,0,0,,0,0,0
23964.08,66.76,2460965397,24932.8,556.39,2018-04-30,4,2018-05-24,266446,15,519.63,1142.78,0.0,0,0,,0,0,0
2765.8,22.26,2645121548,2911.74,159.04,2018-04-30,4,2018-04-29,267549,8,100.37,281.67,0.0,0,0,,0,0,1
420.48,176.6,2523159222,623.52,420.48,2018-04-30,4,2018-05-09,266777,22,26.44,623.52,0.0,0,0,,0,0,0
5607.81,36.78,2133809875,5911.74,735.58,2018-04-30,4,2018-05-20,266607,11,210.42,982.78,0.0,0,0,,0,0,0
1049.65,512.7,2612091173,1611.88,170.54,2018-04-30,4,2018-05-24,267390,15,33.46,716.7,0.0,0,0,,0,0,0
10877.8,20.97,3220199814,10987.11,209.67,2018-04-30,4,2018-05-25,266949,8,1.22,231.86,0.0,0,0,,0,0,0
4000.0,86.85,2970246227,4248.52,620.33,2018-04-30,4,2018-05-23,267173,8,134.07,841.25,0.0,0,0,,0,0,0
23197.47,172.44,1845714064,24133.35,1326.89,2018-04-30,4,2018-05-17,266246,14,539.09,2038.42,0.0,0,0,,41.5,9,0
9809.52,1904.71,2794126871,12379.02,0.0,2018-04-30,4,2018-04-20,267516,42,605.22,6261.58,0.0,0,0,,0,0,10
25187.14,317.33,2452951172,26532.44,793.31,2018-04-30,4,2018-05-10,267421,21,621.41,1732.05,0.0,0,0,,0,0,0
3055.37,20.82,2810141475,3212.81,148.68,2018-04-30,4,2018-04-28,267439,8,110.63,280.13,0.0,0,0,,0,0,2
3641.47,53.36,2246137397,3753.26,205.23,2018-04-30,4,2018-05-17,267157,15,3.07,261.66,0.0,0,0,,0,0,0
2930.54,136.51,2666550770,3257.74,273.02,2018-04-30,4,2018-05-05,267403,26,113.18,522.71,0.0,0,0,,0,0,0
2517.16,20.63,2502118893,2612.9,51.59,2018-04-30,4,2018-05-10,267195,28,1.15,73.37,0.0,0,0,,0,0,0
3397.98,204.28,2145998007,3832.84,364.79,2018-04-30,4,2018-05-02,267349,29,132.85,701.92,0.0,0,0,,0,0,0
3068.27,98.19,2758300945,3364.12,0.0,2018-04-30,4,2018-05-06,267126,56,133.61,1050.07,0.0,0,0,,0,0,0
1331.39,22.4,2284999892,1425.97,263.47,2018-04-30,4,2018-05-13,267495,25,46.9,332.77,0.0,0,0,,0,0,0
3065.09,20.71,2810139877,3225.84,147.95,2018-04-30,4,2018-04-28,266932,8,113.38,282.04,0.0,0,0,,0,0,2
6861.74,106.34,3020200321,7360.26,265.85,2018-04-30,4,2018-05-10,266433,21,238.27,610.46,0.0,0,0,,0,0,0
642.93,0.01,2328909729,651.07,0.16,2018-04-30,4,2018-05-28,266496,12,0.0,0.17,0.0,0,0,,0,0,0
15116.36,0.0,2268551196,15578.54,0.0,2018-04-30,4,2018-04-30,267783,1,0.0,976.0,462.18,0,0,,0,0,0
2875.15,119.56,2466660349,3145.11,427.01,2018-04-30,4,2018-05-16,266454,15,110.41,656.98,0.0,0,0,,0,0,0
5389.69,271.9,1667389136,6041.14,656.6,2018-04-30,4,2018-04-05,267739,57,272.35,1200.85,0.0,0,0,,11.520000000000437,22,25
2885.25,0.45,2571065068,2911.5,3.75,2018-04-30,4,2018-05-24,267272,8,0.03,4.23,0.0,0,0,,0,0,0
4890.43,47.76,2183132048,5189.71,170.55,2018-04-30,4,2018-05-16,267564,15,175.49,393.8,0.0,0,0,,0,0,0
3928.6,33.78,2897249900,4149.39,168.92,2018-04-30,4,2018-05-20,266628,11,143.15,345.85,0.0,0,0,,0,0,0
9000.0,60.0,1433110267,9344.92,1000.0,2018-04-30,4,2018-05-18,267485,13,212.32,1272.32,0.0,0,0,,0,0,0
7660.55,15.91,2645199447,7966.47,454.67,2018-04-30,4,2018-05-23,266441,8,235.36,705.95,0.0,0,0,,10.820000000000618,2,0
4780.24,142.98,2546632921,5179.68,595.75,2018-04-30,4,2018-05-18,266383,13,192.3,931.03,0.0,0,0,,0,0,0
10841.49,16.48,2984478952,10945.79,205.98,2018-04-30,4,2018-05-26,266698,8,0.96,223.42,0.0,0,0,,0,0,0
9362.16,71.51,2198767765,9483.49,595.92,2018-04-30,4,2018-05-24,266831,8,2.74,670.17,0.0,0,0,,0,0,0
516.09,2.57,2791672097,525.32,64.27,2018-04-30,4,2018-05-28,267182,12,0.17,67.01,0.0,0,0,,0,0,0
8491.33,381.96,2352843118,9257.51,682.07,2018-04-30,4,2018-05-02,266401,29,216.48,1280.51,0.0,0,0,,0,0,0
11508.13,40.94,1807518111,11921.08,178.0,2018-04-30,4,2018-05-07,266333,28,4.91,223.85,0.0,0,0,,0,0,0
4083.76,201.77,2221835825,4547.35,388.02,2018-04-30,4,2018-05-04,267615,27,151.25,741.04,0.0,0,0,,0,0,0
1838.42,9.09,3223060436,1922.16,64.94,2018-04-30,4,2018-05-23,266847,8,60.17,134.2,0.0,0,0,,0,0,0
5657.47,234.48,2355725714,6255.67,434.21,2018-04-30,4,2018-05-03,267014,28,201.44,870.13,0.0,0,0,,0,0,0
548.43,8.86,2698216707,598.67,31.64,2018-04-30,4,2018-05-16,267383,15,31.93,72.43,0.0,0,0,,0,0,0
4270.64,247.3,2163180780,4791.29,475.58,2018-04-30,4,2018-05-04,266806,27,159.81,882.69,0.0,0,0,,0,0,0
13507.13,13.14,2276754721,13580.14,0.0,2018-04-30,4,2018-05-27,267216,8,1.73,891.0,0.0,0,0,,0,0,0
1443.01,41.76,1830913544,1506.74,116.01,2018-04-30,4,2018-05-12,266988,21,1.61,159.38,0.0,0,0,,0,0,0
4646.33,34.9,3382543882,4903.02,348.95,2018-04-30,4,2018-05-20,266620,11,171.66,555.51,0.0,0,0,,0,0,0
695.89,105.51,3092547097,844.39,219.83,2018-04-30,4,2018-05-06,267025,25,29.66,355.0,0.0,0,0,,0,0,0
19761.76,25.6,1807844760,20012.51,1022.37,2018-04-30,4,2018-05-25,267021,11,40.27,1088.23,0.0,0,0,,32.02000000000044,6,0
2357.26,218.7,2766636485,2726.15,546.75,2018-04-30,4,2018-05-10,266635,21,102.92,868.37,0.0,0,0,,0,0,0
2399.38,100.27,2535387866,2648.66,294.9,2018-04-30,4,2018-05-13,266714,18,102.3,497.47,0.0,0,0,,0,0,0
5034.89,4.7,3200746691,5121.34,47.01,2018-04-30,4,2018-05-25,266624,15,0.28,51.99,0.0,0,0,,0,0,0
2398.7,66.84,2537984350,2612.73,294.92,2018-04-30,4,2018-05-23,267623,13,101.7,463.46,0.0,0,0,,1.8800000000001091,1,0
544.61,108.92,2552533235,682.1,544.61,2018-04-30,4,2018-05-20,267723,11,28.57,682.1,0.0,0,0,,0,0,0
7512.85,6.69,3386216719,7580.31,167.28,2018-04-30,4,2018-05-26,267224,8,0.79,174.76,0.0,0,0,,0,0,0
6248.5,16.4,1223659477,6348.22,655.9,2018-04-30,4,2018-05-25,266754,20,2.48,674.78,0.0,0,0,,0,0,0
16567.83,7.54,2535127349,17445.15,377.15,2018-04-30,4,2018-05-28,267184,18,518.85,903.54,0.0,0,0,,0,0,0
3826.88,114.32,2546569213,4144.62,476.31,2018-04-30,4,2018-05-18,267509,13,152.04,742.67,0.0,0,0,,138.71000000000004,1,0
3928.6,33.78,2897252347,4149.87,168.92,2018-04-30,4,2018-05-20,267044,11,143.63,346.33,0.0,0,0,,0,0,0
6663.93,64.73,2485097332,6999.44,462.32,2018-04-30,4,2018-05-23,267012,8,220.13,747.18,0.0,0,0,,0,0,0
17611.4,113.7,2615579529,18266.51,1895.06,2018-04-30,4,2018-05-27,267188,15,284.71,2293.47,0.0,0,0,,0,0,0
587.23,26.95,2794603310,643.17,134.74,2018-04-30,4,2018-05-20,267337,11,23.21,184.9,0.0,0,0,,0,0,0
2690.31,49.6,2720568153,2762.03,619.97,2018-04-30,4,2018-05-26,267233,8,3.2,672.77,0.0,0,0,,0,0,0
5889.56,131.22,2279248535,6267.94,1312.14,2018-04-30,4,2018-05-25,267503,15,173.42,1616.78,0.0,0,0,,0,0,0
709.28,156.04,2549715711,899.35,709.28,2018-04-30,4,2018-05-19,267074,12,34.03,899.35,0.0,0,0,,0,0,0
2151.61,333.05,3020151056,2677.28,485.03,2018-04-30,4,2018-04-12,266225,50,153.73,971.81,0.0,0,0,,0,0,18
3831.71,34.05,2794163237,4066.0,170.22,2018-04-30,4,2018-05-20,267297,11,153.46,357.73,0.0,0,0,,0,0,0
412.39,24.75,2679344222,438.76,412.39,2018-04-30,4,2018-05-27,267534,22,1.62,438.76,0.0,0,0,,0,0,0
6342.13,130.77,3028454489,6822.84,384.63,2018-04-30,4,2018-05-13,267094,18,231.78,747.18,0.0,0,0,,0,0,0
795.14,41.09,3163589917,887.56,76.1,2018-04-30,4,2018-05-03,266444,28,28.68,145.87,0.0,0,0,,0,0,0
3160.84,20.4,2899938504,3307.86,145.74,2018-04-30,4,2018-05-23,266216,8,102.0,268.14,0.0,0,0,,0,0,0
4996.83,55.06,3124005758,5290.73,275.29,2018-04-30,4,2018-05-20,266563,11,183.75,514.1,0.0,0,0,,0,0,0
1106.11,60.11,2941882230,1229.29,0.0,2018-04-30,4,2018-05-12,266707,19,43.35,270.45,0.0,0,0,,0,0,0
3831.71,34.05,2794164127,4066.27,0.0,2018-04-30,4,2018-05-20,266572,11,153.73,358.0,0.0,0,0,,0,0,0
22671.11,738.86,1963429320,23770.62,0.0,2018-04-30,4,2018-05-18,266692,22,6.1,1407.6,0.0,0,0,,0,0,0
16683.46,362.86,2427882861,18762.33,872.66,2018-04-30,4,2018-04-05,267037,57,1193.07,2428.59,0.0,0,0,,0,0,25
5391.3,100.35,2766632130,5836.31,250.88,2018-04-30,4,2018-05-10,266495,21,210.44,561.67,0.0,0,0,,0,0,0
2900.76,284.15,1943827881,3371.09,526.2,2018-04-30,4,2018-05-03,266814,28,112.41,922.76,0.0,0,0,,0,0,0
176.18,629.04,2032498043,842.37,176.18,2018-04-30,4,2018-05-13,266236,55,36.19,841.41,0.0,0,0,,0,0,0
808.18,59.45,2009953279,920.27,106.17,2018-04-30,4,2018-05-02,267018,29,30.02,195.64,0.0,0,0,,0,0,0
1759.54,58.62,2794550293,1915.79,33.72,2018-04-30,4,2018-04-28,266275,11,75.1,167.44,0.0,0,0,,0,0,2
3847.62,186.51,2710394615,4380.47,361.09,2018-04-30,4,2018-04-20,266917,42,300.65,848.25,0.0,0,0,,0,0,10
2059.27,80.4,2684319587,2276.03,0.0,2018-04-30,4,2018-05-09,266497,22,86.24,358.07,0.0,0,0,,0,0,0
1490.5,21.75,2615484265,1598.37,77.68,2018-04-30,4,2018-05-16,267604,15,60.29,159.72,0.0,0,0,,0,0,0
2379.01,384.24,2369613964,2914.06,180.14,2018-04-30,4,2018-05-01,267086,25,90.09,654.47,0.0,0,0,,0,0,0
1872.13,1495.29,2309386379,3563.28,445.38,2018-04-30,4,2018-04-20,267177,20,164.66,2105.33,0.0,0,0,,0,0,10
39998.7,0.0,3295113259,41303.01,0.0,2018-04-30,4,2018-05-19,266969,12,959.61,959.61,0.0,0,0,,205.65000000000146,6,0
267.26,20.07,2204332268,298.0,143.39,2018-04-30,4,2018-05-23,267004,8,9.67,173.13,0.0,0,0,,0,0,0
10236.73,4958.24,1160684351,16037.08,1548.75,2018-04-30,4,2018-05-28,266428,27,671.27,7178.26,0.0,0,0,,21.8799999999992,21,0
7084.03,82.21,3114823702,7561.27,241.79,2018-04-30,4,2018-05-13,267514,18,259.33,583.33,0.0,0,0,,0,0,0
120128.7,15555.55,1807970317,136924.6,10624.92,2018-04-30,4,2018-05-16,266706,57,1506.22,27686.69,0.0,0,0,,0,0,0
1421.52,36.9,2893180871,1515.8,263.56,2018-04-30,4,2018-05-23,266412,8,47.92,348.38,0.0,0,0,,0,0,0
863.92,10.47,3306320521,909.65,0.0,2018-04-30,4,2018-04-27,267561,8,28.82,114.07,0.0,0,0,,0,0,3
6306.13,35.91,2460840754,6885.2,598.44,2018-04-30,4,2018-05-27,266529,48,449.93,1084.28,0.0,0,0,,0,0,0
2141.45,64.31,2177987288,2321.35,229.68,2018-04-30,4,2018-05-16,266625,15,84.8,378.79,0.0,0,0,,0,0,0
387.97,2.03,2195944182,401.02,14.5,2018-04-30,4,2018-05-23,266311,8,8.02,24.55,0.0,0,0,,0,0,0
4410.61,124.11,2936109836,4799.66,295.49,2018-04-30,4,2018-05-09,266726,22,164.12,583.72,0.0,0,0,,0,0,0
7274.39,54.98,2936304178,7767.13,130.91,2018-04-30,4,2018-05-09,267196,22,262.75,448.64,0.0,0,0,,0,0,0
6050.11,102.02,2279112206,6562.61,182.18,2018-04-30,4,2018-05-02,267055,29,221.42,505.62,0.0,0,0,,0,0,0
1513.26,2501.88,2082897445,4233.07,1513.26,2018-04-30,4,2018-03-06,267418,57,217.93,4233.07,0.0,0,0,,0,0,55
82.06,9.85,2034794094,92.48,82.06,2018-04-30,4,2018-05-24,266739,53,0.57,92.48,0.0,0,0,,0,0,0
6448.32,-84.98,854949119,6356.5,1661.81,2018-04-30,4,2018-05-25,266727,60,-6.84,1661.81,0.0,1,0,,14.639999999999418,21,0
2623.9,77.05,2502197269,2872.09,154.11,2018-04-30,4,2018-05-05,267024,26,99.1,330.26,0.0,0,0,,0,0,0
2854.78,39.48,2261876815,3008.45,282.02,2018-04-30,4,2018-05-23,267187,8,93.46,414.96,0.0,0,0,,0,0,0
6102.38,25.42,1729290062,6299.88,423.36,2018-04-30,4,2018-05-24,266558,7,143.64,592.43,0.0,0,0,,9.88000000000011,5,0
5852.54,95.14,2931196136,6305.32,396.42,2018-04-30,4,2018-05-06,267744,25,212.14,703.7,0.0,0,0,,0,0,0
5016.69,78.42,3138154530,5299.34,560.12,2018-04-30,4,2018-05-23,267570,8,167.84,806.38,0.0,0,0,,0,0,0
3123.23,28.13,3070178790,3278.15,200.97,2018-04-30,4,2018-05-23,267625,8,102.93,332.03,0.0,0,0,,0,0,0
187.36,22.0,3092938743,220.94,91.65,2018-04-30,4,2018-05-06,266708,25,8.67,122.32,0.0,0,0,,0,0,0
845.94,28.19,2637986165,997.1,234.88,2018-04-30,4,2018-05-24,267500,42,114.99,378.06,0.0,0,0,,0,0,0
5687.21,69.87,3306649947,5977.73,499.06,2018-04-30,4,2018-05-23,266522,8,180.3,749.23,0.0,0,0,,0,0,0
1432.74,22.43,3138156986,1512.84,160.2,2018-04-30,4,2018-05-23,266337,8,47.28,229.91,0.0,0,0,,0,0,0
7860.16,155.33,2328590457,8259.29,706.08,2018-04-30,4,2018-05-19,266306,12,183.43,1044.84,0.0,0,0,,0,0,0
17752.49,43.29,1670281474,18516.64,1486.35,2018-04-30,4,2018-05-17,267668,36,370.48,1900.12,0.0,0,0,,39.30999999999767,13,0
6866.62,124.24,2879092986,7293.94,517.67,2018-04-30,4,2018-05-18,267206,13,214.19,856.1,0.0,0,0,,0,0,0
2520.98,42.93,1197832477,2615.91,252.08,2018-04-30,4,2018-05-13,267631,29,3.29,298.3,0.0,0,0,,5.649999999999636,19,0
421.93,29.88,2204334313,468.15,213.41,2018-04-30,4,2018-05-23,267729,8,14.66,257.95,0.0,0,0,,0,0,0
3775.57,96.89,3060824270,4052.66,484.45,2018-04-30,4,2018-05-20,266568,11,141.8,723.14,0.0,0,0,,0,0,0
2623.9,77.06,2502193220,2872.28,154.11,2018-04-30,4,2018-05-05,266226,26,99.28,330.45,0.0,0,0,,0,0,0
3883.54,304.85,2657516601,4614.05,0.0,2018-04-30,4,2018-04-05,266302,57,301.74,974.52,0.0,0,0,,0,0,25
2293.01,2.74,3141696056,2314.07,68.5,2018-04-30,4,2018-05-28,266686,8,0.16,71.4,0.0,0,0,,0,0,0
10993.92,0.12,3289873001,11160.7,6.2,2018-04-30,4,2018-05-29,266874,14,0.01,6.33,0.0,0,0,,0,0,0
3954.59,54.29,3226106713,4169.93,387.82,2018-04-30,4,2018-05-23,266630,8,131.92,574.03,0.0,0,0,,0,0,0
6278.64,1304.14,1197832938,7813.88,429.94,2018-04-30,4,2018-05-24,267223,29,78.13,1812.21,0.0,0,0,,14.170000000000073,19,0
913.73,24.22,1953216072,990.78,173.06,2018-04-30,4,2018-05-02,267644,29,32.38,229.66,0.0,0,0,,0,0,0
1102.19,46.4,1807511806,1188.14,343.46,2018-04-30,4,2018-05-03,266503,28,26.04,415.9,0.0,0,0,,2.3500000000001364,21,0
2727.03,189.63,2732136781,3126.65,338.63,2018-04-30,4,2018-05-02,266855,29,122.68,650.94,0.0,0,0,,0,0,0
102.55,12.31,2119848380,119.46,102.55,2018-04-30,4,2018-05-18,266465,13,4.6,119.46,0.0,0,0,,0,0,0
8653.57,110.34,2653821446,9382.94,204.33,2018-04-30,4,2018-05-03,266258,28,327.54,642.21,0.0,0,0,,0,0,0
1070.4,2.64,2039617979,1093.93,10.15,2018-04-30,4,2018-05-17,266507,18,0.15,12.94,0.0,0,0,,0,0,0
3839.36,46.29,2816678351,4060.55,330.65,2018-04-30,4,2018-05-23,267122,8,142.83,519.77,0.0,0,0,,0,0,0
2180.46,16.63,3234207832,2285.32,118.78,2018-04-30,4,2018-05-23,267317,8,71.39,206.8,0.0,0,0,,0,0,0
1776.12,45.03,2698124170,1927.14,160.8,2018-04-30,4,2018-05-16,267554,15,76.47,282.3,0.0,0,0,,0,0,0
2712.67,190.15,2732137524,3106.82,339.55,2018-04-30,4,2018-05-02,266240,29,119.09,648.79,0.0,0,0,,0,0,0
2836.76,73.96,2889751533,3026.1,528.33,2018-04-30,4,2018-05-23,267659,8,96.53,698.82,0.0,0,0,,0,0,0
225.81,63.22,2499418801,292.72,225.81,2018-04-30,4,2018-05-16,267102,28,3.69,292.72,0.0,0,0,,0,0,0
3194.06,21.82,2967214663,3240.25,363.68,2018-04-30,4,2018-05-27,267481,8,1.26,386.76,0.0,0,0,,0,0,0
6692.69,42.85,3191610088,7117.39,112.76,2018-04-30,4,2018-05-11,266694,20,236.0,391.61,0.0,0,0,,0,0,0
15294.04,57.8,3186367205,15982.68,0.0,2018-04-30,4,2018-05-18,266647,22,262.04,560.7,0.0,0,0,,0,0,0
2807.56,74.1,2900153517,2994.36,529.28,2018-04-30,4,2018-05-23,267398,8,94.1,697.48,0.0,0,0,,0,0,0
65889.5,157.74,2517702005,66812.0,1126.69,2018-04-30,4,2018-05-23,266271,11,9.2,1293.63,0.0,0,0,,0,0,0
8049.16,56.44,2264666993,8337.95,806.55,2018-04-30,4,2018-05-23,267414,8,189.86,1052.85,0.0,0,0,,13.039999999999964,5,0
3434.39,54.23,2198737948,3626.74,387.35,2018-04-30,4,2018-05-23,267125,8,113.58,555.16,0.0,0,0,,0,0,0
6805.27,70.07,2866878278,7229.92,500.48,2018-04-30,4,2018-05-16,266494,15,256.5,827.05,0.0,0,0,,0,0,0
2678.05,1164.76,1845761901,3997.38,886.02,2018-04-30,4,2018-05-01,267490,14,140.62,2191.4,0.0,0,0,,4.789999999999964,9,0
2044.38,46.04,401806815,2172.11,328.88,2018-04-30,4,2018-05-01,267640,15,60.35,435.27,0.0,1,0,,3.660000000000082,14,0
7417.29,9.42,3060933321,7512.42,117.67,2018-04-30,4,2018-05-26,267116,11,0.55,127.64,0.0,0,0,,0,0,0
1754.28,94.74,1834427138,1943.84,557.32,2018-04-30,4,2018-05-13,267075,18,71.74,723.8,0.0,0,0,,0,0,0
2287.2,64.59,3163890332,2498.5,119.61,2018-04-30,4,2018-05-03,267066,28,78.43,262.63,0.0,0,0,,0,0,0
5000.0,0.0,2980782990,5190.0,0.0,2018-04-30,4,2018-05-23,266500,8,149.17,149.17,0.0,0,0,,0,0,0
1064.37,233.72,2588942773,1373.91,0.0,2018-04-30,4,2018-05-06,266856,25,57.73,778.37,0.0,0,0,,0,0,0
5555.38,1485.2,1941381567,7363.76,1111.08,2018-04-30,4,2018-05-01,267031,29,200.53,2796.8,0.0,0,0,,11.88000000000011,21,0
4939.57,136.53,1281827218,5309.25,650.11,2018-04-30,4,2018-05-09,267023,22,150.22,936.86,0.0,0,0,,10.5600000000004,19,0
3694.43,45.4,3315421035,3890.64,324.32,2018-04-30,4,2018-04-27,267054,8,123.29,493.01,0.0,0,0,,0,0,3
13697.13,24.12,2549621364,13897.17,1206.23,2018-04-30,4,2018-05-28,266414,12,3.03,1233.38,0.0,0,0,,0,0,0
25545.45,146.44,2079531497,26860.2,1079.19,2018-04-30,4,2018-05-05,266713,29,650.29,1875.92,0.0,0,0,,0,0,0
1993.62,2.45,2604803364,2045.45,9.42,2018-04-30,4,2018-05-17,266561,20,0.16,12.03,0.0,0,0,,0,0,0
3790.9,151.91,1765942685,4091.87,1787.76,2018-04-30,4,2018-05-13,266784,18,121.06,2060.73,0.0,0,0,,6.779999999999745,13,0
4315.52,65.83,2630427853,4559.46,470.24,2018-04-30,4,2018-05-23,267354,8,142.97,679.04,0.0,0,0,,0,0,0
1050.06,74.77,2004821182,1191.98,149.54,2018-04-30,4,2018-05-05,267307,26,41.24,265.55,0.0,0,0,,0,0,0
2447.64,2.48,2607206696,2703.44,62.0,2018-04-30,4,2018-05-28,267083,50,198.45,262.93,0.0,0,0,,0,0,0
4277.91,49.91,1873093706,4575.6,199.66,2018-04-30,4,2018-05-05,266342,26,142.19,391.76,0.0,0,0,,0,0,0
7419.61,578.75,3141410252,8576.83,1449.36,2018-04-30,4,2018-04-26,266986,36,529.71,2557.82,0.0,0,0,,0,0,4
27616.49,55.61,2634751658,28818.34,1588.83,2018-04-30,4,2018-05-23,267447,8,930.14,2574.58,0.0,0,0,,0,0,0
5871.63,56.8,1760697498,5981.94,2840.35,2018-04-30,4,2018-05-28,266585,20,4.71,2901.86,0.0,0,0,,14.75,18,0
4584.16,20.33,3186302109,4723.16,145.21,2018-04-30,4,2018-05-23,267555,22,9.91,175.45,0.0,0,0,,0,0,0
645.75,97.9,2230328714,779.09,203.97,2018-04-30,4,2018-05-06,267661,25,23.24,325.11,0.0,0,0,,0,0,0
6527.88,27.32,2951225660,6660.24,195.16,2018-04-30,4,2018-05-23,267520,15,1.6,224.08,0.0,0,0,,0,0,0
297.39,41.63,2568096422,352.32,297.39,2018-04-30,4,2018-04-26,267134,8,13.3,352.32,0.0,0,0,,0,0,4
1993.62,2.45,2604802069,2045.45,9.42,2018-04-30,4,2018-05-17,267189,20,0.16,12.03,0.0,0,0,,0,0,0
8902.54,15.22,2798133164,9302.89,434.87,2018-04-30,4,2018-05-23,266869,8,311.86,761.95,0.0,0,0,,0,0,0
1094.28,184.94,2215321534,1348.79,342.48,2018-04-30,4,2018-05-03,267468,28,46.22,573.64,0.0,0,0,,0,0,0
1239.54,70.72,3292543296,1367.66,294.68,2018-04-30,4,2018-05-18,267592,13,44.81,410.21,0.0,0,0,,0,0,0
4982.77,74.47,3126724230,5300.59,286.42,2018-04-30,4,2018-05-17,267749,14,172.12,533.01,0.0,0,0,,0,0,0
3612.67,110.57,2312111594,3926.91,307.13,2018-04-30,4,2018-05-12,266675,19,135.21,552.91,0.0,0,0,,0,0,0
957.95,527.63,2273510880,1494.23,197.0,2018-04-30,4,2018-05-28,266187,8,2.52,727.15,0.0,0,0,,0,0,0
18938.71,17.36,3223390192,19110.73,124.0,2018-04-30,4,2018-05-23,267584,8,1.01,142.37,0.0,0,0,,0,0,0
7134.43,12.93,2314797440,7286.76,46.18,2018-04-30,4,2018-05-16,267684,18,0.74,59.85,0.0,0,0,,0,0,0
3290.79,38.33,2552693071,3501.46,191.65,2018-04-30,4,2018-05-20,267395,11,132.74,362.72,0.0,0,0,,0,0,0
11276.51,84.84,2358640976,11690.22,848.34,2018-04-30,4,2018-05-25,266873,28,4.88,938.06,0.0,0,0,,0,0,0
2159.18,127.95,3077112911,2428.09,236.95,2018-04-30,4,2018-05-03,266611,28,80.41,445.31,0.0,0,0,,0,0,0
801.24,133.82,1731986113,979.12,464.64,2018-04-30,4,2018-05-01,266666,60,34.14,632.6,0.0,0,0,,0,0,0
5347.66,0.32,1995965171,5392.23,10.53,2018-04-30,4,2018-05-27,267492,8,0.03,10.88,0.0,0,0,,0,0,0
1838.42,9.09,3223061247,1922.16,64.94,2018-04-30,4,2018-05-23,266397,8,60.17,134.2,0.0,0,0,,0,0,0
7305.51,94.43,2695237620,7844.13,0.0,2018-04-30,4,2018-05-16,267351,15,316.82,748.51,0.0,0,0,,0,0,0
973.21,525.49,2499219474,1543.77,973.21,2018-04-30,4,2018-05-03,266597,28,45.07,1543.77,0.0,0,0,,2.0799999999999272,21,0
600.22,37.54,2710442189,669.1,187.71,2018-04-30,4,2018-05-20,267583,11,25.78,251.03,0.0,0,0,,0,0,0
2399.38,100.27,2535389458,2650.0,294.9,2018-04-30,4,2018-05-13,266655,18,103.64,498.81,0.0,0,0,,0,0,0
529.11,14.85,2273644717,548.23,106.12,2018-04-30,4,2018-05-23,267724,8,0.86,121.83,0.0,0,0,,0,0,0
14779.88,14.4,2717912795,15229.37,412.7,2018-04-30,4,2018-05-23,266957,8,349.59,776.69,0.0,0,0,,23.93999999999869,5,0
2129.4,553.64,2542739760,2797.69,2129.4,2018-04-30,4,2018-05-17,267330,14,114.65,2797.69,0.0,0,0,,0,0,0
4960.74,294.85,2879196863,5667.09,419.74,2018-04-30,4,2018-04-30,266982,43,347.93,1062.52,0.0,0,0,,0,0,0
176.98,21.24,2107659859,199.03,176.98,2018-04-30,4,2018-05-24,266316,19,0.81,199.03,0.0,0,0,,0,0,0
6715.86,2.69,2621313813,6819.63,134.82,2018-04-30,4,2018-05-29,267400,13,0.17,137.68,0.0,0,0,,0,0,0
4368.54,44.2,3216380178,4621.25,221.01,2018-04-30,4,2018-05-20,267136,11,160.12,425.33,0.0,0,0,,0,0,0
6360.9,97.23,2439187171,6853.05,180.04,2018-04-30,4,2018-05-03,267641,28,209.49,486.76,0.0,0,0,,0,0,0
2267.83,294.61,2281835498,2716.24,526.1,2018-04-30,4,2018-05-02,266466,29,97.68,918.39,0.0,0,0,,0,0,0
2699.38,1981.18,1739983861,5481.96,2317.35,2018-04-30,4,2017-08-03,267081,1,780.24,5481.96,10.93,0,0,,5.769999999999982,22,270
1294.86,15.78,3306163123,1363.12,112.71,2018-04-30,4,2018-05-23,266421,8,42.82,171.31,0.0,0,0,,0,0,0
2647.56,211.73,637954626,2925.5,2647.56,2018-04-30,4,2018-05-22,267528,9,66.22,2925.5,0.0,1,0,,4.530000000000655,6,0
13259.07,95.9,2268400024,13423.41,1198.72,2018-04-30,4,2018-05-26,266556,8,3.68,1298.3,0.0,0,0,,0,0,0
9353.82,202.67,1959791235,10158.92,405.34,2018-04-30,4,2018-05-05,267676,26,345.01,953.02,0.0,0,0,,0,0,0
1218.42,59.01,1782123118,1337.62,590.05,2018-04-30,4,2018-05-20,266809,11,52.55,701.61,0.0,0,0,,0,0,0
625.6,0.0,1842940502,425.97,13.41,2018-04-30,4,2018-05-16,266832,15,0.0,13.41,0.0,0,0,,0,0,0
4184.78,98.0,1902972487,4550.49,983.32,2018-04-30,4,2018-05-23,267487,18,202.4,1283.72,0.0,0,0,,0,0,0
3261.56,49.33,3382120045,3408.47,246.66,2018-04-30,4,2018-05-20,266921,11,64.08,360.07,0.0,0,0,,0,0,0
7059.64,80.8,3035696200,7549.73,264.07,2018-04-30,4,2018-04-16,267152,46,303.58,648.45,0.0,0,0,,0,0,14
2807.0,22.03,2630565479,2956.71,157.39,2018-04-30,4,2018-05-23,267431,8,103.46,282.88,0.0,0,0,,0,0,0
2872.8,8.71,1921531706,2954.3,250.3,2018-04-30,4,2018-05-23,267138,8,58.93,317.95,0.0,0,0,,4.6599999999998545,5,0
2117.28,191.84,2137603812,2474.41,480.81,2018-04-30,4,2018-04-26,267226,36,152.11,824.76,0.0,0,0,,0,0,4
2199.09,58.13,1995915755,2329.72,415.15,2018-04-30,4,2018-05-23,266676,8,58.13,531.41,0.0,0,0,,0,0,0
8137.42,58.13,1571962201,8382.57,528.16,2018-04-30,4,2018-05-19,267163,12,141.06,727.35,0.0,1,0,,13.180000000000291,8,0
5498.92,68.99,3191684436,5882.12,181.54,2018-04-30,4,2018-05-11,266712,20,196.34,446.87,0.0,0,0,,0,0,0
604.12,120.83,2561098009,756.07,0.0,2018-04-30,4,2018-05-20,266975,11,31.12,756.07,0.0,0,0,,0,0,0
4427.96,181.85,2262188314,4671.69,671.07,2018-04-30,4,2018-05-24,267703,36,35.94,888.86,0.0,0,0,,77.03999999999996,2,0
7396.84,72.31,2805416401,7766.64,361.52,2018-04-30,4,2018-05-20,267677,11,228.31,662.14,0.0,0,0,,0,0,0
1010.71,4.16,3025027428,1034.88,69.32,2018-04-30,4,2018-05-27,267698,19,0.24,73.72,0.0,0,0,,0,0,0
2117.28,191.83,2137602525,2474.46,480.81,2018-04-30,4,2018-04-26,266493,36,152.17,824.81,0.0,0,0,,0,0,4
4993.44,40.86,3141679559,5238.13,291.88,2018-04-30,4,2018-05-23,267773,8,165.44,498.18,0.0,0,0,,0,0,0
1024.32,3.89,2889987667,1036.27,64.74,2018-04-30,4,2018-05-27,266510,8,0.22,68.85,0.0,0,0,,0,0,0
27030.74,65.78,2893494990,27337.0,548.14,2018-04-30,4,2018-05-24,267049,8,4.13,618.05,0.0,0,0,,0,0,0
2375.54,125.49,3160619612,2663.88,224.08,2018-04-30,4,2018-05-02,267466,29,92.57,442.14,0.0,0,0,,0,0,0
1163.31,0.1,2885433786,1172.91,1.75,2018-04-30,4,2018-05-27,266530,8,0.01,1.86,0.0,0,0,,0,0,0
2777.25,15.8,3403495630,2870.09,225.72,2018-04-30,4,2018-05-23,267424,8,60.66,302.18,0.0,0,0,,0,0,0
3571.33,93.27,3127196740,3849.55,396.17,2018-04-30,4,2018-05-24,267033,14,136.79,626.23,0.0,0,0,,78.77999999999975,1,0
950.19,190.04,1669937939,1155.25,950.19,2018-04-30,4,2018-05-10,267218,21,15.02,1155.25,0.0,0,0,,2.040000000000191,11,0
4549.92,981.37,2735749919,5866.57,376.4,2018-04-30,4,2018-05-10,267214,28,191.3,1549.07,0.0,0,0,,0,0,0
1858.33,13.98,3382537322,1960.95,139.79,2018-04-30,4,2018-05-20,266829,11,68.59,222.36,0.0,0,0,,0,0,0
3541.13,113.33,2180332510,3785.12,404.7,2018-04-30,4,2018-05-16,266770,15,94.57,612.6,0.0,0,0,,6.3400000000001455,7,0
4895.75,15.32,2967029752,5081.53,218.92,2018-04-30,4,2018-05-23,266952,8,137.73,371.97,0.0,0,0,,0,0,0
2982.67,49.86,3023063068,3096.95,207.75,2018-04-30,4,2018-05-18,267319,20,2.91,260.52,0.0,0,0,,0,0,0
5879.62,74.53,3017033637,6094.25,338.81,2018-04-30,4,2018-05-19,266656,22,4.35,417.69,0.0,0,0,,0,0,0
1881.61,0.0,2150648103,1953.06,0.0,2018-04-30,4,2018-04-28,267781,1,0.0,311.0,71.45,0,0,,0,0,2
973.6,31.92,2621458688,1017.59,319.2,2018-04-30,4,2018-05-25,267283,13,2.04,353.16,0.0,0,0,,0,0,0
2956.57,160.1,2689549134,3327.58,272.34,2018-04-30,4,2018-05-27,267185,19,147.83,580.27,0.0,0,0,,0,0,0
2130.91,106.3,3174843220,2372.17,204.42,2018-04-30,4,2018-05-04,266250,27,76.52,387.24,0.0,0,0,,0,0,0
257.92,34.86,2180925106,306.02,124.51,2018-04-30,4,2018-05-16,266887,15,11.09,170.46,0.0,0,0,,0,0,0
207.73,23.49,2621566229,242.51,97.87,2018-04-30,4,2018-05-18,267252,13,9.56,130.92,0.0,0,0,,0,0,0
530.94,7.23,3236719272,559.85,51.66,2018-04-30,4,2018-04-27,266393,8,17.76,76.65,0.0,0,0,,0,0,3
438.94,59.17,2183218652,520.35,211.35,2018-04-30,4,2018-05-16,267594,15,18.57,289.09,0.0,0,0,,0,0,0
34752.41,163.15,2350597591,36315.14,1165.31,2018-04-30,4,2018-05-23,266910,8,1129.04,2457.5,0.0,0,0,,0,0,0
9557.0,31.21,3403679649,9978.28,445.8,2018-04-30,4,2018-05-23,266285,8,315.67,792.68,0.0,0,0,,0,0,0
7507.57,147.54,3060810811,8258.89,276.61,2018-04-30,4,2018-04-20,267200,42,519.42,943.57,0.0,0,0,,0,0,10
8849.13,106.54,2439595591,9521.9,221.96,2018-04-30,4,2018-05-06,267571,25,324.67,653.17,0.0,0,0,,0,0,0
1377.88,29.83,3118417441,1430.22,106.55,2018-04-30,4,2018-05-16,266546,15,1.74,138.12,0.0,0,0,,0,0,0
884.5,4.2,2851554466,910.37,10.0,2018-04-30,4,2018-05-09,267192,22,0.25,14.45,0.0,0,0,,0,0,0
4522.01,0.55,2900339790,4559.49,3.9,2018-04-30,4,2018-05-23,267359,8,0.03,4.48,0.0,0,0,,0,0,0
110.09,15.42,2555724885,129.56,110.09,2018-04-30,4,2018-05-23,267766,8,4.05,129.56,0.0,0,0,,0,0,0
6341.95,86.91,3220063572,6687.53,620.83,2018-04-30,4,2018-05-23,267590,8,211.95,919.69,0.0,0,0,,0,0,0
9670.26,88.89,1704078457,10124.29,634.56,2018-04-30,4,2018-05-16,266360,15,261.15,984.59,0.0,0,0,,17.299999999999272,10,0
6658.63,3.52,3209702603,6755.23,25.15,2018-04-30,4,2018-05-23,267053,13,0.21,28.88,0.0,0,0,,0,0,0
2875.13,204.96,2443652294,3262.86,427.01,2018-04-30,4,2018-05-06,266849,25,114.23,746.2,0.0,0,0,,0,0,0
367.71,29.14,2574002975,407.35,0.0,2018-04-30,4,2018-05-19,267441,29,1.9,163.51,0.0,0,0,,0,0,0
9568.67,163.63,3350211347,10335.04,389.61,2018-04-30,4,2018-05-09,266593,22,377.85,931.09,0.0,0,0,,0,0,0
6938.4,101.31,2890214356,7322.56,580.59,2018-04-30,4,2018-05-02,266715,36,230.93,912.83,0.0,0,0,,0,0,0
13816.09,17.91,2204104305,14148.7,0.0,2018-04-30,4,2018-05-28,267651,8,206.97,672.78,0.0,0,0,,118.95000000000073,1,0
6372.45,157.15,2798398352,7096.76,481.01,2018-04-30,4,2018-04-30,266524,36,513.32,1151.48,0.0,0,0,,0,0,0
6459.35,0.0,2816356008,6731.72,0.0,2018-04-30,4,2018-04-28,267784,1,0.0,776.18,272.37,0,0,,0,0,2
5498.51,73.56,3186896416,5905.21,175.14,2018-04-30,4,2018-05-09,266641,22,202.72,451.42,0.0,0,0,,0,0,0
1526.72,67.62,2679385854,1696.36,491.48,2018-04-30,4,2018-05-25,266420,55,73.64,632.74,0.0,0,0,,0,0,0
3283.01,166.01,2457349487,3632.32,488.27,2018-04-30,4,2018-05-13,266565,18,127.87,782.15,0.0,0,0,,0,0,0
2392.34,14.08,3048680894,2433.09,176.06,2018-04-30,4,2018-05-26,266705,11,0.82,190.96,0.0,0,0,,0,0,0
22994.85,106.12,2717853294,23278.94,4244.85,2018-04-30,4,2018-05-25,267207,8,24.48,4375.45,0.0,0,0,,0,0,0
6797.27,12.86,3275499130,7151.55,107.1,2018-04-30,4,2018-05-24,266804,20,193.12,313.08,0.0,0,0,,0,0,0
1686.95,1.11,2298376037,1736.52,4.26,2018-04-30,4,2018-05-17,267445,26,0.06,5.43,0.0,0,0,,0,0,0
5220.4,11.73,2879006244,5303.84,146.67,2018-04-30,4,2018-05-26,266664,13,0.68,159.08,0.0,0,0,,0,0,0
13640.18,152.26,2062558749,14183.98,2174.95,2018-04-30,4,2018-05-23,266371,8,325.5,2652.71,0.0,0,0,,22.090000000000146,4,0
4584.16,60.98,3186304525,4922.42,145.21,2018-04-30,4,2018-05-09,266610,22,168.52,374.71,0.0,0,0,,0,0,0
3456.6,75.29,853392318,3669.57,313.59,2018-04-30,4,2018-04-28,266559,25,82.93,471.81,0.0,1,0,,7.390000000000327,18,2
20924.6,12.32,2642224698,21122.47,308.03,2018-04-30,4,2018-05-26,266913,8,1.55,321.9,0.0,0,0,,0,0,0
6336.91,66.29,2879203079,6713.04,276.21,2018-04-30,4,2018-05-18,266523,13,224.99,567.49,0.0,0,0,,0,0,0
1082.37,6.94,2720443683,1097.6,115.62,2018-04-30,4,2018-05-27,267539,8,0.4,122.96,0.0,0,0,,0,0,0
6705.54,83.15,1872832187,7278.06,296.98,2018-04-30,4,2018-05-02,266472,29,270.23,650.36,0.0,0,0,,0,0,0
1010.49,69.78,2192517567,1120.82,498.44,2018-04-30,4,2018-05-23,267179,8,36.43,604.65,0.0,0,0,,0,0,0
1294.86,15.78,3306158567,1363.51,112.71,2018-04-30,4,2018-04-26,267259,8,43.21,171.7,0.0,0,0,,0,0,4
3213.68,144.68,2268473729,3487.25,1033.46,2018-04-30,4,2018-05-23,266929,8,111.33,1289.47,0.0,0,0,,0,0,0
636.66,721.16,2227710573,1379.8,194.76,2018-04-30,4,2018-05-01,266996,26,10.56,926.48,0.0,0,0,,0,0,0
13469.19,1955.13,2212243542,16338.75,1294.54,2018-04-30,4,2018-04-02,266396,29,522.17,3771.84,0.0,0,0,,0,0,28
18543.92,93.23,3039242464,19545.11,358.6,2018-04-30,4,2018-05-17,266672,14,632.15,1083.98,0.0,0,0,,0,0,0
4205.79,194.86,2279093609,4685.5,347.97,2018-04-30,4,2018-05-02,266744,29,160.55,703.38,0.0,0,0,,0,0,0
5533.28,39.33,2201367851,5833.02,196.62,2018-04-30,4,2018-05-20,266963,11,199.01,434.96,0.0,0,0,,0,0,0
9965.54,148.94,3127129656,10602.6,572.84,2018-04-30,4,2018-05-17,266968,14,345.66,1067.44,0.0,0,0,,0,0,0
1792.42,81.23,2667001386,2003.87,0.0,2018-04-30,4,2018-05-05,267546,26,77.02,320.71,0.0,0,0,,0,0,0
1693.29,31.56,2141009024,1793.04,225.44,2018-04-30,4,2018-04-27,267172,8,56.37,313.37,0.0,0,0,,0,0,3
637.18,17.59,3045536790,682.06,79.95,2018-04-30,4,2018-05-19,266194,12,20.14,117.68,0.0,0,0,,0,0,0
3571.33,93.82,3127194783,3850.55,396.17,2018-04-30,4,2018-05-23,266933,14,137.24,627.23,0.0,0,0,,77.77999999999975,1,0
3613.19,153.56,2298165226,3999.41,307.11,2018-04-30,4,2018-05-05,267738,26,137.55,598.22,0.0,0,0,,0,0,0
7667.75,5.51,1935882170,7714.15,0.0,2018-04-30,4,2018-05-26,266347,6,1.07,282.48,0.0,0,0,,0,0,0
9375.58,22.07,3273209773,9612.56,220.7,2018-04-30,4,2018-05-25,266221,21,1.29,244.06,0.0,0,0,,0,0,0
7881.45,256.86,2309699508,8582.45,675.93,2018-04-30,4,2018-05-11,267144,20,286.6,1219.39,0.0,0,0,,0,0,0
6916.66,52.09,1231960092,7168.39,1041.48,2018-04-30,4,2018-05-25,266289,15,132.0,1225.56,0.0,0,0,,12.36999999999989,7,0
6714.18,1810.87,1104623642,8916.69,0.0,2018-04-30,4,2018-05-01,266946,29,286.04,3745.83,0.0,0,0,,14.349999999999454,21,0
845.61,978.76,2227713724,1906.1,403.71,2018-04-30,4,2018-03-19,267515,57,69.02,1451.49,0.0,0,0,,0,0,42
1119.35,21.13,2143470883,1183.4,150.94,2018-04-30,4,2018-05-23,266762,8,35.12,207.19,0.0,0,0,,0,0,0
2277.38,8.15,2555786870,2305.93,101.87,2018-04-30,4,2018-05-26,266267,8,0.52,110.54,0.0,0,0,,0,0,0
1177.8,71.36,2785161454,1314.85,274.46,2018-04-30,4,2018-05-17,266667,14,50.03,395.85,0.0,0,0,,0,0,0
14293.11,197.05,2264936664,15063.28,1407.49,2018-04-30,4,2018-05-23,267362,8,469.33,2073.87,0.0,0,0,,0,0,0
3584.68,217.33,1070346552,3963.6,1086.45,2018-04-30,4,2018-05-10,266699,21,115.02,1418.8,0.0,0,0,,7.6599999999998545,14,0
5360.15,137.65,2621452266,5784.79,573.52,2018-04-30,4,2018-05-18,267281,13,213.6,924.77,0.0,0,0,,0,0,0
18.63,1.12,2137141338,19.82,18.63,2018-04-30,4,2018-05-27,266720,8,0.07,19.82,0.0,0,0,,0,0,0
5498.51,73.56,3186896910,5904.88,175.14,2018-04-30,4,2018-05-09,266796,22,202.39,451.09,0.0,0,0,,0,0,0
1196.47,4.75,2967286517,1248.73,33.91,2018-04-30,4,2018-05-23,266356,8,38.02,76.68,0.0,0,0,,0,0,0
9388.61,23.58,3141480943,9461.11,235.78,2018-04-30,4,2018-05-25,266775,8,0.87,260.23,0.0,0,0,,0,0,0
1791.6,4.54,3000881475,1845.36,113.62,2018-04-30,4,2018-05-28,267176,26,0.27,118.43,0.0,0,0,,0,0,0
9966.96,341.77,3039219970,10650.85,1314.62,2018-04-30,4,2018-05-17,267282,14,248.44,1904.83,0.0,0,0,,17.829999999999927,6,0
956.55,26.02,2549534757,1035.02,118.29,2018-04-30,4,2018-04-28,266928,12,40.41,184.72,0.0,0,0,,0,0,2
4139.15,5.06,2373308334,4258.47,12.06,2018-04-30,4,2018-05-09,267061,25,0.29,17.41,0.0,0,0,,0,0,0
10711.06,45.99,1805242321,11077.38,437.97,2018-04-30,4,2018-05-09,266681,28,10.28,494.24,0.0,0,0,,0,0,0
21978.28,0.0,2358759389,22602.78,1453.92,2018-04-30,4,2018-05-20,267205,26,17.2,1471.12,0.0,0,0,,0,0,0
25640.93,239.28,3191853236,26931.12,854.57,2018-04-30,4,2018-05-16,266195,20,501.48,1595.33,0.0,0,0,,0,0,0
6564.78,23.91,2664747195,6780.16,298.97,2018-04-30,4,2018-05-26,266569,27,1.4,324.28,0.0,0,0,,0,0,0
475.9,34.76,2857095296,533.92,0.0,2018-04-30,4,2018-05-10,266512,21,14.19,135.85,0.0,0,0,,0,0,0
13653.09,77.0,3070415872,14287.16,550.0,2018-04-30,4,2018-05-23,266936,8,450.06,1077.06,0.0,0,0,,0,0,0
2115.96,31.53,2347881038,2162.05,394.11,2018-04-30,4,2018-05-26,267312,8,1.68,427.32,0.0,0,0,,31.84999999999991,3,0
6616.22,380.45,2264846981,7256.46,172.44,2018-04-30,4,2018-05-27,266703,8,207.88,760.77,0.0,0,0,,0,0,0
4150.5,2.53,2514211549,4277.8,42.26,2018-04-30,4,2018-05-27,267095,27,0.15,44.94,0.0,0,0,,0,0,0
1620.6,45.14,2618588153,1754.47,173.64,2018-04-30,4,2018-05-17,266883,14,64.17,282.95,0.0,0,0,,0,0,0
2115.74,109.06,2872730782,2332.83,389.48,2018-04-30,4,2018-05-16,267484,15,79.84,578.38,0.0,0,0,,0,0,0
1432.74,22.43,3138244372,1513.21,160.2,2018-04-30,4,2018-05-23,267581,8,47.65,230.28,0.0,0,0,,0,0,0
30883.24,1426.64,2676150068,33381.45,1651.44,2018-04-30,4,2018-05-06,267371,25,416.78,3494.86,0.0,0,0,,0,0,0
4750.36,65.79,2267890762,5007.02,0.0,2018-04-30,4,2018-05-23,267171,8,156.39,692.13,0.0,0,0,,0,0,0
3663.27,35.35,2710228417,3894.7,176.74,2018-04-30,4,2018-05-20,266498,11,150.56,362.65,0.0,0,0,,0,0,0
579.01,118.59,2169556430,731.46,0.0,2018-04-30,4,2018-05-09,266242,22,26.69,427.63,0.0,0,0,,0,0,0
19271.91,0.0,2021903791,20090.44,767.9,2018-04-30,4,2018-05-03,267735,28,243.64,1011.54,0.0,0,0,,0,0,0
5069.09,248.25,1353698722,5814.76,980.55,2018-04-30,4,2018-04-29,266193,50,396.26,1625.06,0.0,0,0,,0,0,1
2694.49,0.47,2381237766,2757.26,0.0,2018-04-30,4,2018-05-27,266602,22,0.1,32.06,0.0,0,0,,325.96000000000004,1,0
7030.0,52.83,3219901992,7369.63,377.35,2018-04-30,4,2018-05-23,267241,8,232.47,662.65,0.0,0,0,,0,0,0
46.72,48.59,2034555446,98.11,46.72,2018-04-30,4,2018-04-09,266858,53,2.8,98.11,0.0,0,0,,0,0,21
1235.19,9.16,2841041624,1384.28,65.41,2018-04-30,4,2018-05-23,266376,56,107.18,181.75,0.0,0,0,,0,0,0
986.18,32.05,2798377600,1062.34,228.95,2018-04-30,4,2018-05-23,267482,8,37.19,298.19,0.0,0,0,,0,0,0
770.84,25.68,2813029239,824.41,183.43,2018-04-30,4,2018-05-23,267474,8,22.63,231.74,0.0,0,0,,0,0,0
12574.58,113.68,1967773979,13417.58,568.4,2018-04-30,4,2018-05-10,266344,21,444.86,1126.94,0.0,0,0,,0,0,0
1343.25,42.82,2851854505,1418.98,101.96,2018-04-30,4,2018-05-09,267389,22,2.5,147.28,0.0,0,0,,0,0,0
10716.71,169.64,2198854059,11317.4,1211.71,2018-04-30,4,2018-05-23,266366,8,354.49,1735.84,0.0,0,0,,0,0,0
1365.0,106.81,2381107828,1553.34,254.31,2018-04-30,4,2018-05-09,266955,22,54.69,415.81,0.0,0,0,,0,0,0
7436.53,16.72,2080103452,7890.94,278.73,2018-04-30,4,2018-05-27,267392,29,207.07,502.52,0.0,0,0,,0,0,0
5086.29,88.31,2341723365,5413.88,441.57,2018-04-30,4,2018-05-20,266210,11,185.83,715.71,0.0,0,0,,0,0,0
645.86,766.16,2227690646,1447.0,203.96,2018-04-30,4,2018-05-06,266474,26,23.27,993.39,0.0,0,0,,0,0,0
6346.18,32.22,3048266550,6510.7,805.48,2018-04-30,4,2018-05-28,267410,11,67.66,905.36,0.0,0,0,,0,0,0
6978.87,22.05,2624999890,7142.36,367.55,2018-04-30,4,2018-05-27,266199,12,46.49,436.09,0.0,0,0,,0,0,0
3400.19,264.13,2376981450,3875.19,628.89,2018-04-30,4,2018-05-09,267292,22,143.9,1036.92,0.0,0,0,,0,0,0
55440.37,5497.77,1929371933,62782.08,9931.0,2018-04-30,4,2018-05-19,266409,30,542.25,15971.02,0.0,0,0,,0,0,0
440.34,96.88,2122699867,557.62,0.0,2018-04-30,4,2018-05-19,267576,12,20.4,557.62,0.0,0,0,,0,0,0
1707.51,1206.28,2355942533,3023.82,811.02,2018-04-30,4,2018-04-05,266577,28,82.18,2099.48,0.0,0,0,,0,0,25
14555.99,56.29,3292583149,15324.8,234.54,2018-04-30,4,2018-05-18,266927,13,512.02,802.85,0.0,0,0,,0,0,0
986.18,32.05,2798376890,1062.34,228.95,2018-04-30,4,2018-05-23,266253,8,37.19,298.19,0.0,0,0,,0,0,0
3829.01,0.33,2292308016,3936.29,0.79,2018-04-30,4,2018-05-09,266490,25,1.23,2.35,0.0,0,0,,0,0,0
8762.09,2948.09,2107692937,12254.31,1119.45,2018-04-30,4,2018-05-01,267167,19,389.46,4457.0,0.0,0,0,,0,0,0
5165.03,105.65,3292387035,5523.65,440.22,2018-04-30,4,2018-05-18,266278,13,186.83,732.7,0.0,0,0,,0,0,0
4825.53,3477.45,2145990448,8939.28,935.07,2018-04-30,4,2018-04-29,267761,60,510.96,4923.48,0.0,0,0,,0,0,1
6480.52,125.68,2030688044,7015.35,261.83,2018-04-30,4,2018-05-06,267287,25,237.41,624.92,0.0,0,0,,0,0,0
14177.58,115.11,727433083,14691.43,1644.66,2018-04-30,4,2018-05-23,266912,8,328.08,2087.84,0.0,1,0,,22.970000000001164,4,0
10458.4,31.23,3114111937,10692.68,312.32,2018-04-30,4,2018-05-25,267242,18,1.82,345.37,0.0,0,0,,0,0,0
10221.93,15.19,2568536037,10592.07,217.07,2018-04-30,4,2018-05-23,267483,29,1.92,234.18,0.0,0,0,,0,0,0
19005.15,436.35,1935720458,20755.66,779.19,2018-04-30,4,2018-05-02,266691,29,724.78,1940.32,0.0,0,0,,0,0,0
2152.3,106.04,2341846570,2359.59,530.22,2018-04-30,4,2018-05-20,267428,11,82.59,718.85,0.0,0,0,,0,0,0
10432.35,12.64,2873417081,10627.18,180.64,2018-04-30,4,2018-05-23,266200,15,1.59,194.87,0.0,0,0,,0,0,0
1708.0,24.2,1303036419,1826.3,242.0,2018-04-30,4,2018-05-20,267040,11,74.34,340.54,0.0,0,0,,0,0,0
13709.06,207.13,3154821471,14417.74,517.83,2018-04-30,4,2018-05-10,266848,21,303.68,1028.64,0.0,0,0,,0,0,0
3426.71,0.0,2931147006,3607.9,0.0,2018-04-30,4,2018-05-12,266574,25,85.24,85.24,0.0,0,0,,0,0,0
3051.6,55.18,2463527067,3270.47,197.07,2018-04-30,4,2018-05-16,267704,15,117.07,369.32,0.0,0,0,,0,0,0
6746.3,8.33,3028400997,6886.85,104.02,2018-04-30,4,2018-05-26,266865,18,0.48,112.83,0.0,0,0,,0,0,0
5383.17,2.55,2713369343,5433.86,18.18,2018-04-30,4,2018-05-23,266838,8,0.16,20.89,0.0,0,0,,0,0,0
8495.31,183.7,2615393283,9407.28,301.28,2018-04-30,4,2018-05-01,266736,46,594.44,1079.42,0.0,0,0,,0,0,0
3863.52,158.37,2794306437,4212.29,314.64,2018-04-30,4,2018-05-24,267280,11,144.07,617.08,0.0,0,0,,0,0,0
6229.09,81.06,1845672868,6765.44,289.53,2018-04-30,4,2018-05-02,266352,29,252.15,622.74,0.0,0,0,,0,0,0
686.37,148.62,2281749045,874.93,162.02,2018-04-30,4,2018-04-29,266520,29,25.46,336.1,0.0,0,0,,0,0,1
2254.92,4.72,2215492113,2327.53,78.62,2018-04-30,4,2018-05-27,267692,28,0.27,83.61,0.0,0,0,,0,0,0
5379.18,24.49,3134091370,5464.27,306.14,2018-04-30,4,2018-05-26,267027,11,1.42,332.05,0.0,0,0,,0,0,0
2876.68,51.11,2555362583,3056.28,365.08,2018-04-30,4,2018-05-23,267168,8,106.02,522.21,0.0,0,0,,0,0,0
11645.0,45.62,3371875451,12301.87,325.84,2018-04-30,4,2018-05-16,267388,15,426.37,797.83,0.0,0,0,,0,0,0
5539.23,11.0,2960768156,5617.93,99.98,2018-04-30,4,2018-05-19,266233,12,1.22,112.2,0.0,0,0,,0,0,0
8684.43,663.27,1670364387,9726.71,583.09,2018-04-30,4,2018-04-29,266314,29,211.19,1457.55,0.0,0,0,,18.55999999999949,21,1
6474.12,3.33,1561509130,6595.85,66.79,2018-04-30,4,2018-05-25,267334,15,0.44,70.56,0.0,0,0,,0,0,0
12410.28,6.19,2397219156,12559.71,154.93,2018-04-30,4,2018-05-28,267308,15,0.26,161.38,0.0,0,0,,0,0,0
8879.18,7.02,823511255,8922.91,350.92,2018-04-30,4,2018-05-28,266215,6,0.44,358.39,0.0,1,0,,10.780000000000655,3,0
885.7,18.67,1770512861,916.26,373.46,2018-04-30,4,2018-05-25,266895,15,2.46,394.59,0.0,0,0,,0,0,0
826.4,17.92,2984363829,877.46,128.01,2018-04-30,4,2018-05-23,267504,8,27.43,173.36,0.0,0,0,,0,0,0
8596.34,72.41,3287011716,9092.15,0.0,2018-04-30,4,2018-05-25,267276,15,294.82,1091.33,0.0,0,0,,0,0,0
633.26,10.24,2601502672,653.88,0.0,2018-04-30,4,2018-05-16,267336,21,0.43,47.24,0.0,0,0,,0,0,0
826.4,17.92,2984364698,877.46,128.01,2018-04-30,4,2018-05-23,266894,8,27.43,173.36,0.0,0,0,,0,0,0
2391.89,32.75,2262062608,2520.16,233.94,2018-04-30,4,2018-05-23,266375,8,78.13,344.82,0.0,0,0,,0,0,0
4444.21,202.78,3025455691,4900.06,563.27,2018-04-30,4,2018-05-12,266405,19,171.57,937.62,0.0,0,0,,0,0,0
1203.73,79.6,2032650965,1332.93,189.53,2018-04-30,4,2018-05-09,266688,22,33.26,302.39,0.0,0,0,,0,0,0
277.33,2288.56,2180565801,2697.58,277.33,2018-04-30,4,2018-05-25,267573,56,131.69,2697.58,0.0,0,0,,0,0,0
4130.53,27.02,1065339667,4314.79,1348.31,2018-04-30,4,2018-05-28,267211,26,97.77,1473.11,0.0,0,0,,8.829999999999927,15,0
6084.66,8.36,2758200144,6270.02,278.65,2018-04-30,4,2018-05-27,267236,25,1.65,288.66,0.0,0,0,,0,0,0
6969.22,208.3,2576861944,7702.02,371.95,2018-04-30,4,2018-05-02,266721,29,288.46,868.71,0.0,0,0,,0,0,0
4725.52,124.48,3203385708,5098.95,444.58,2018-04-30,4,2018-05-16,266374,15,179.03,748.09,0.0,0,0,,0,0,0
1838.2,184.79,2074134866,2097.02,285.78,2018-04-30,4,2018-04-27,267605,8,61.52,532.09,0.0,0,0,,0,0,3
1693.15,172.93,2589116960,1984.79,776.93,2018-04-30,4,2018-05-23,267550,25,90.61,1040.47,0.0,0,0,,0,0,0
1563.84,19.09,3048798926,1655.42,95.44,2018-04-30,4,2018-05-20,267450,11,55.36,169.89,0.0,0,0,,0,0,0
1260.05,2.58,3213739078,1268.31,43.11,2018-04-30,4,2018-05-27,266815,12,0.09,45.78,0.0,0,0,,2.2100000000000364,8,0
2394.47,6.15,2427569242,2649.31,102.55,2018-04-30,4,2018-05-27,266256,60,173.82,282.52,0.0,0,0,,0,0,0
4279.24,78.12,3009200876,4636.94,156.23,2018-04-30,4,2018-04-05,266214,26,159.33,393.68,0.0,0,0,,0,0,25
10485.53,2.61,2707210991,10634.61,65.33,2018-04-30,4,2018-05-26,267645,12,0.33,68.27,0.0,0,0,,0,0,0
18983.16,5919.42,1943716689,25940.46,845.54,2018-04-30,4,2018-05-23,266892,28,478.86,7243.82,0.0,0,0,,0,0,0
4975.13,3203.1,1594607260,8178.22,774.46,2018-04-30,4,2018-04-29,267227,60,0.0,3977.56,0.0,0,0,,10.640000000000327,22,1
8408.05,79.41,3109013087,8669.75,794.09,2018-04-30,4,2018-05-25,267669,21,4.63,878.13,0.0,0,0,,0,0,0
3388.36,67.44,2399519942,3621.15,259.36,2018-04-30,4,2018-05-17,266548,14,117.89,444.69,0.0,0,0,,0,0,0
2145.28,49.97,2624898508,2312.16,227.17,2018-04-30,4,2018-05-19,267542,12,89.37,366.51,0.0,0,0,,0,0,0
8275.73,92.71,1830929771,8681.94,463.45,2018-04-30,4,2018-05-01,267249,21,192.62,748.78,0.0,0,0,,17.69000000000051,14,0
234.87,18.79,2094527649,281.25,234.87,2018-04-30,4,2018-05-26,267467,26,27.59,281.25,0.0,0,0,,0,0,0
629.65,1.89,2399859908,640.28,31.54,2018-04-30,4,2018-05-27,267260,14,0.1,33.53,0.0,0,0,,0,0,0
4836.32,285.48,2809806426,5550.27,725.29,2018-04-30,4,2018-04-26,266373,36,390.9,1401.67,0.0,0,0,,0,0,4
4734.96,163.31,3213501830,5284.65,301.73,2018-04-30,4,2018-04-19,266304,43,329.49,794.53,0.0,0,0,,0,0,11
7326.77,77.77,2706765565,7800.26,353.47,2018-04-30,4,2018-05-19,267552,12,295.57,726.81,0.0,0,0,,0,0,0
9466.27,2509.52,1670078381,12442.53,613.14,2018-04-30,4,2018-05-04,267361,27,262.04,3384.69,0.0,0,0,,20.229999999999563,21,0
58808.93,1623.77,2732551324,63425.32,2933.42,2018-04-30,4,2018-04-29,266189,29,1656.66,6213.84,0.0,0,0,,125.70999999999913,21,1
15926.97,37.15,2561340867,16795.98,371.49,2018-04-30,4,2018-05-20,267009,11,633.52,1042.16,0.0,0,0,,0,0,0
69237.73,1166.2,1859252131,73430.63,3720.75,2018-04-30,4,2018-05-01,267498,8,2475.82,7362.77,0.0,0,0,,0,0,0
7242.53,13.6,2716989704,7556.34,388.47,2018-04-30,4,2018-05-23,266235,8,243.3,645.37,0.0,0,0,,0,0,0
3515.92,140.41,2813259453,3920.64,250.73,2018-04-30,4,2018-05-02,266418,29,147.49,538.63,0.0,0,0,,0,0,0
13702.61,44.81,3216830278,14354.2,448.02,2018-04-30,4,2018-05-20,267295,11,459.51,952.34,0.0,0,0,,0,0,0
3995.78,340.61,725806908,4534.61,0.0,2018-04-30,4,2018-05-02,266317,28,120.62,958.99,0.0,1,0,,8.539999999999964,19,0
20974.88,90.42,2415325790,21921.28,645.82,2018-04-30,4,2018-05-23,266368,8,689.96,1426.2,0.0,0,0,,0,0,0
9548.21,33.15,3213471450,10045.0,150.68,2018-04-30,4,2018-05-19,266589,12,343.03,526.86,0.0,0,0,,0,0,0
4056.56,2339.8,2446804908,6665.19,607.82,2018-04-30,4,2018-04-27,267760,22,184.34,3131.96,0.0,0,0,,0,0,3
13334.0,0.0,2520511115,13902.05,0.0,2018-04-30,4,2018-05-26,267096,25,269.37,269.37,0.0,0,0,,0,0,0
2640.84,1.02,2634720106,2665.48,7.32,2018-04-30,4,2018-05-23,266993,8,0.06,8.4,0.0,0,0,,0,0,0
3160.84,20.4,2900021079,3309.63,145.74,2018-04-30,4,2018-05-23,266514,8,103.77,269.91,0.0,0,0,,0,0,0
2674.11,69.0,2621501831,2885.64,287.49,2018-04-30,4,2018-05-18,266746,13,105.94,462.43,0.0,0,0,,0,0,0
4723.94,34.96,3292593600,4989.7,145.66,2018-04-30,4,2018-05-18,267328,13,166.71,347.33,0.0,0,0,,0,0,0
4845.0,11.15,3400334702,5020.73,159.34,2018-04-30,4,2018-05-23,266840,8,131.78,302.27,0.0,0,0,,0,0,0
5110.37,64.17,2350316925,5378.69,458.34,2018-04-30,4,2018-05-23,266596,8,166.68,689.19,0.0,0,0,,0,0,0
6087.36,312.73,2446866573,6793.39,388.64,2018-04-30,4,2018-05-27,266687,22,253.68,955.05,0.0,0,0,,0,0,0
3073.47,55.86,2128608214,3250.86,398.97,2018-04-30,4,2018-05-23,267305,8,99.99,554.82,0.0,0,0,,0,0,0
5543.43,91.95,2860121184,5951.31,241.98,2018-04-30,4,2018-05-11,267629,20,198.41,532.34,0.0,0,0,,0,0,0
8985.91,6.74,2990325871,9282.92,112.35,2018-04-30,4,2018-05-27,266981,29,0.4,119.49,0.0,0,0,,0,0,0
1997.0,93.38,2717959241,2177.14,667.0,2018-04-30,4,2018-05-23,266629,8,74.61,834.99,0.0,0,0,,0,0,0
4060.48,38.08,2936078212,4197.81,100.2,2018-04-30,4,2018-05-11,267609,22,2.22,140.5,0.0,0,0,,0,0,0
33020.37,2689.68,2169437676,37705.3,1626.97,2018-04-30,4,2018-05-01,266310,22,1229.69,5546.34,0.0,0,0,,0,0,0
3358.56,11.03,3392858374,3500.2,157.52,2018-04-30,4,2018-04-26,267654,8,105.71,274.26,0.0,0,0,,0,0,4
7927.03,165.68,2236808732,8422.57,788.77,2018-04-30,4,2018-05-09,266464,22,209.06,1163.52,0.0,0,0,,16.949999999999818,16,0
23693.9,62.31,1805252774,24453.34,1246.54,2018-04-30,4,2018-05-20,266845,11,534.74,1843.58,0.0,0,0,,38.38000000000102,6,0
2077.69,8.31,2645121126,2177.98,118.83,2018-04-30,4,2018-05-23,267628,8,74.49,201.63,0.0,0,0,,0,0,0
252.44,65.63,2300520144,321.84,252.44,2018-04-30,4,2018-05-17,266588,25,3.77,321.84,0.0,0,0,,0,0,0
6232.09,50.31,2532702055,6680.51,0.0,2018-04-30,4,2018-05-12,267486,19,254.94,445.02,0.0,0,0,,0,0,0
6624.55,98.54,3118397474,7084.49,351.95,2018-04-30,4,2018-05-16,267278,15,258.95,709.44,0.0,0,0,,0,0,0
10917.62,1301.5,2358835995,12617.99,489.45,2018-04-30,4,2018-05-25,267121,28,74.88,1865.83,0.0,0,0,,0,0,0
1986.82,742.33,2761030462,2822.49,202.0,2018-04-30,4,2018-05-09,267589,22,45.43,989.76,0.0,0,0,,102.63999999999987,1,0
3954.59,54.29,3226106314,4169.43,0.0,2018-04-30,4,2018-05-23,266812,8,131.42,573.53,0.0,0,0,,0,0,0
3656.42,74.41,2684484361,3973.56,177.16,2018-04-30,4,2018-05-09,266709,22,149.37,400.94,0.0,0,0,,0,0,0
4202.68,3.78,2399925858,4270.14,18.87,2018-04-30,4,2018-05-20,267405,14,0.22,22.87,0.0,0,0,,0,0,0
3764.93,260.7,2644835173,4135.31,1862.15,2018-04-30,4,2018-05-23,267732,8,98.58,2221.43,0.0,0,0,,0,0,0
2202.04,40.77,2209479540,2331.53,679.45,2018-04-30,4,2018-05-27,267517,29,39.66,759.88,0.0,0,0,,0,0,0
9725.91,111.11,1830812538,10204.74,555.36,2018-04-30,4,2018-05-10,267558,21,225.77,892.24,0.0,0,0,,20.790000000000873,15,0
17080.58,2286.06,2279405995,21018.86,2623.4,2018-04-30,4,2018-04-02,266434,60,1186.42,6095.88,0.0,0,0,,0,0,28
5066.24,92.75,3063741065,5364.61,662.5,2018-04-30,4,2018-05-23,267648,8,169.66,924.91,0.0,0,0,,0,0,0
309.85,21.69,2565077618,344.55,309.85,2018-04-30,4,2018-05-23,267090,8,13.01,344.55,0.0,0,0,,0,0,0
3290.79,38.33,2552691322,3501.2,191.65,2018-04-30,4,2018-05-20,266716,11,132.48,362.46,0.0,0,0,,0,0,0
7394.21,629.37,2015552307,8339.35,1165.5,2018-04-30,4,2018-05-03,267690,28,186.76,1981.63,0.0,1,0,,0,0,0
5076.99,0.07,2875974465,5154.04,0.0,2018-04-30,4,2018-05-28,267456,14,0.0,1.85,0.0,0,0,,0,0,0
22715.8,4672.2,1807536810,28093.84,939.17,2018-04-30,4,2018-05-23,266382,28,261.24,5872.61,0.0,0,0,,49.400000000001455,19,0
3010.22,490.21,2286936543,3619.09,148.0,2018-04-30,4,2018-05-27,267436,28,29.73,667.94,0.0,0,0,,0,0,0
654.94,353.66,2501960150,1048.27,654.94,2018-04-30,4,2018-05-03,266471,28,39.67,1048.27,0.0,0,0,,0,0,0
2788.0,87.85,3355304442,3044.98,209.17,2018-04-30,4,2018-04-09,266668,22,105.95,402.97,0.0,0,0,,0,0,21
818.74,114.63,2565006605,969.78,818.74,2018-04-30,4,2018-05-23,266339,8,36.41,969.78,0.0,0,0,,0,0,0
760.01,167.2,2549540174,968.03,760.01,2018-04-30,4,2018-05-19,266300,12,40.82,968.03,0.0,0,0,,0,0,0
374.83,29.99,2140923017,406.55,374.83,2018-04-30,4,2018-05-26,267322,8,1.73,406.55,0.0,0,0,,0,0,0
841.85,2.04,3045711466,854.69,9.28,2018-04-30,4,2018-05-19,266633,12,0.12,11.44,0.0,0,0,,0,0,0
1858.33,15.38,3378699824,1964.77,139.79,2018-04-30,4,2018-04-19,266184,12,69.0,224.17,0.0,0,0,,0,0,11
678.46,1.54,2788417244,689.27,77.02,2018-04-30,4,2018-05-28,267707,13,0.19,78.75,0.0,0,0,,0,0,0
1674.39,35.74,2967264947,1778.25,255.31,2018-04-30,4,2018-05-23,267416,8,56.53,347.58,0.0,0,0,,0,0,0
2510.22,60.27,2933382673,2631.8,150.69,2018-04-30,4,2018-05-10,267578,22,3.51,214.47,0.0,0,0,,0,0,0
4184.22,94.75,2201345410,4476.37,473.75,2018-04-30,4,2018-04-30,266320,11,154.7,723.2,0.0,0,0,,0,0,0
927.93,68.96,2232638820,1018.39,202.83,2018-04-30,4,2018-05-13,267551,22,3.97,275.76,0.0,0,0,,0,0,0
10355.52,0.44,2873233822,10416.35,5.48,2018-04-30,4,2018-05-26,267776,6,0.02,5.94,0.0,0,0,,0,0,0
1727.21,152.35,2369802397,1988.78,317.39,2018-04-30,4,2018-05-06,266938,25,70.29,540.03,0.0,0,0,,0,0,0
2740.87,139.3,2391531443,3022.62,497.5,2018-04-30,4,2018-05-16,267151,15,107.55,744.35,0.0,0,0,,0,0,0
7353.88,239.41,3200245562,8235.81,0.0,2018-04-30,4,2018-05-11,266257,48,533.92,1478.1,0.0,0,0,,0,0,0
439.14,59.03,2180833126,521.12,210.83,2018-04-30,4,2018-05-16,266899,15,19.27,289.13,0.0,0,0,,0,0,0
3875.91,15.9,3025299115,3969.96,198.78,2018-04-30,4,2018-05-26,267314,19,0.93,215.61,0.0,0,0,,0,0,0
11814.38,2.89,2928339815,12174.15,288.94,2018-04-30,4,2018-05-28,267099,26,0.72,292.55,0.0,0,0,,0,0,0
512.79,230.02,2279533525,801.23,12.84,2018-04-30,4,2018-05-24,266205,34,45.37,467.95,13.05,0,0,,0,0,0
715.35,28.44,1842998082,770.55,203.55,2018-04-30,4,2018-05-16,267777,15,20.8,252.79,0.0,0,0,,1.2799999999999727,9,0
9571.26,175.75,3070094505,10137.2,1255.34,2018-04-30,4,2018-05-23,266511,8,322.28,1753.37,0.0,0,0,,0,0,0
1801.79,281.54,2673022697,2214.75,563.08,2018-04-30,4,2018-05-05,266660,26,90.99,935.61,0.0,0,0,,0,0,0
7011.29,163.05,1303047485,7223.43,1298.48,2018-04-30,4,2018-05-28,266700,42,5.89,1467.42,0.0,0,0,,0,0,0
4465.54,43.38,3309759775,4533.54,434.03,2018-04-30,4,2018-05-20,267010,11,19.02,496.43,0.0,0,0,,7.229999999999563,6,0
5329.29,21.46,2977556226,5393.75,214.61,2018-04-30,4,2018-05-25,267380,8,1.23,237.3,0.0,0,0,,0,0,0
10016.29,851.4,2565203871,11416.48,595.55,2018-04-30,4,2018-04-30,267670,27,320.18,1767.13,0.0,0,0,,0,0,0
23871.69,16.17,2594104839,24380.25,269.59,2018-04-30,4,2018-05-27,266504,26,0.68,286.44,0.0,0,0,,0,0,0
8593.4,77.46,3067039285,9021.76,553.29,2018-04-30,4,2018-04-26,266728,8,285.23,915.98,0.0,0,0,,0,0,4
9868.52,0.0,2077222497,10423.96,0.0,2018-04-30,4,2018-05-10,266760,21,328.33,328.33,0.0,1,0,,0,0,0
6735.36,17.79,2337860081,6890.88,592.99,2018-04-30,4,2018-05-27,267451,8,88.26,699.04,0.0,0,0,,0,0,0
235.23,24.96,2791631288,274.39,113.48,2018-04-30,4,2018-05-19,266423,12,11.14,149.58,0.0,0,0,,0,0,0
2176.17,15.32,3306705801,2276.95,109.45,2018-04-30,4,2018-04-27,266756,8,69.39,194.16,0.0,0,0,,0,0,3
5021.44,1.49,3203262529,5104.63,24.91,2018-04-30,4,2018-05-27,266564,15,0.09,26.49,0.0,0,0,,0,0,0
14681.75,1913.36,1721007237,17401.92,1665.01,2018-04-30,4,2018-05-27,267586,36,739.35,4317.73,0.0,0,0,,31.81000000000131,21,0
2776.5,43.26,1548675262,3013.56,205.98,2018-04-30,4,2018-05-09,266786,22,121.04,370.28,0.0,0,0,,0,0,0
5169.17,0.24,3386231419,5209.61,4.79,2018-04-30,4,2018-05-25,267139,8,0.03,5.06,0.0,0,0,,0,0,0
7469.5,49.07,2133567476,7874.31,981.38,2018-04-30,4,2018-05-20,267633,11,280.19,1310.64,0.0,0,0,,0,0,0
1531.26,27.71,3056314020,1620.65,197.98,2018-04-30,4,2018-05-23,266277,8,50.79,276.48,0.0,0,0,,0,0,0
12307.56,74.47,2984355656,12884.59,531.95,2018-04-30,4,2018-04-26,267535,8,406.39,1012.81,0.0,0,0,,0,0,4
6260.72,129.4,3028657962,6739.84,380.57,2018-04-30,4,2018-05-13,266953,18,233.09,743.06,0.0,0,0,,0,0,0
326.76,65.35,2552145655,409.23,326.76,2018-04-30,4,2018-05-20,267047,11,17.12,409.23,0.0,0,0,,0,0,0
77402.3,18.05,2561517974,78187.13,0.0,2018-04-30,4,2018-05-28,267321,11,1.78,922.13,0.0,0,0,,0,0,0
7420.98,320.74,2307318601,8111.65,208.95,2018-04-30,4,2018-05-27,266985,21,203.95,733.64,0.0,0,0,,0,0,0
9929.01,211.55,2710808849,10528.19,2114.78,2018-04-30,4,2018-05-20,266940,11,321.23,2647.56,0.0,0,0,,26.950000000000728,14,0
7326.29,75.25,3295521055,7759.96,342.03,2018-04-30,4,2018-05-19,267568,12,268.79,686.07,0.0,0,0,,0,0,0
64634.3,4602.51,1941154092,72501.57,0.0,2018-04-30,4,2018-04-28,267131,29,1896.28,6498.79,0.0,1,0,,0,0,2
3096.19,21.29,3022956785,3183.98,152.08,2018-04-30,4,2018-05-23,266603,20,1.24,174.61,0.0,0,0,,0,0,0
3857.19,94.76,2732697849,4242.63,169.21,2018-04-30,4,2018-05-02,267687,29,158.74,422.71,0.0,0,0,,0,0,0
5310.49,71.2,3098715143,5713.08,169.54,2018-04-30,4,2018-05-09,267459,22,205.44,446.18,0.0,0,0,,0,0,0
6002.68,60.56,3039405025,6342.96,232.91,2018-04-30,4,2018-05-17,266364,14,192.21,485.68,0.0,0,0,,0,0,0
2230.05,33.67,2418517067,2369.45,168.35,2018-04-30,4,2018-05-20,266330,11,81.67,283.69,0.0,0,0,,0,0,0
2059.27,80.4,2684330769,2276.19,191.43,2018-04-30,4,2018-05-09,266891,22,86.4,358.23,0.0,0,0,,0,0,0
906.96,11.95,2564924865,927.01,85.33,2018-04-30,4,2018-05-23,267056,8,0.76,98.04,0.0,0,0,,0,0,0
2000.0,0.0,3067061832,2081.0,0.0,2018-04-30,4,2018-05-23,266443,8,64.67,64.67,0.0,0,0,,0,0,0
17627.52,28.18,668771579,17811.33,0.0,2018-04-30,4,2018-05-26,266362,13,2.13,735.98,0.0,1,0,,33.63000000000102,7,0
2564.04,31.98,2350621953,2698.41,228.39,2018-04-30,4,2018-05-23,266579,8,83.58,343.95,0.0,0,0,,0,0,0
1803.5,93.42,2394006911,1991.81,333.67,2018-04-30,4,2018-05-16,267240,15,70.88,497.97,0.0,0,0,,0,0,0
3305.08,132.54,2870137087,3700.85,271.91,2018-04-30,4,2018-04-27,266918,47,213.69,618.14,0.0,0,0,,0,0,3
5138.17,75.94,2960371441,5465.88,345.17,2018-04-30,4,2018-04-26,267046,12,190.26,611.37,0.0,0,0,,0,0,4
5172.19,935.7,558476977,6295.62,450.3,2018-04-30,4,2018-05-01,267335,19,124.62,1510.62,0.0,1,0,,9.25,14,0
2596.36,-927.7,844803763,1653.37,518.29,2018-04-30,4,2018-05-27,267685,8,-27.29,566.91,0.0,1,0,,5.010000000000218,13,0
8354.9,34.03,2488419406,8715.67,243.07,2018-04-30,4,2018-05-23,267477,8,260.5,537.6,0.0,0,0,,0,0,0
9547.64,216.97,1933225803,10421.79,387.44,2018-04-30,4,2018-05-02,267051,29,360.98,965.39,0.0,0,0,,0,0,0
5104.13,17.73,1427763200,5212.35,253.36,2018-04-30,4,2018-05-23,267181,15,2.3,273.39,0.0,0,0,,0,0,0
2669.07,62.7,2936017695,2793.13,313.5,2018-04-30,4,2018-05-20,266324,22,3.65,379.85,0.0,0,0,,0,0,0
6536.57,20.06,2984423030,6810.37,286.64,2018-04-30,4,2018-05-23,266269,8,205.13,511.83,0.0,0,0,,0,0,0
1690.33,9.42,3382561649,1752.24,313.86,2018-04-30,4,2018-05-27,266264,11,36.43,359.71,0.0,0,0,,0,0,0
10669.7,212.23,3080630427,11578.99,393.01,2018-04-30,4,2018-05-03,266765,28,373.34,978.58,0.0,0,0,,0,0,0
2828.0,74.46,1991811872,3015.14,531.88,2018-04-30,4,2018-05-23,266183,8,94.19,700.53,0.0,0,0,,0,0,0
4394.92,32.96,3219827313,4606.33,235.44,2018-04-30,4,2018-05-23,266904,8,144.48,412.88,0.0,0,0,,0,0,0
2876.01,54.99,2723590407,3068.11,274.98,2018-04-30,4,2018-05-20,266334,11,106.5,436.47,0.0,0,0,,0,0,0
1346.11,20.53,3382751132,1427.5,102.63,2018-04-30,4,2018-05-20,267353,11,47.05,170.21,0.0,0,0,,0,0,0
12006.06,155.76,1321381793,12815.58,1198.12,2018-04-30,4,2018-05-17,266591,29,242.42,1596.3,0.0,0,0,,0,0,0
2650.88,193.65,2030809186,3001.78,403.44,2018-04-30,4,2018-05-06,266906,25,95.29,692.38,0.0,0,0,,0,0,0
7872.4,56.83,2653858605,8139.83,1623.77,2018-04-30,4,2018-05-23,267683,28,13.3,1693.9,0.0,0,0,,0,0,0
3747.98,194.33,2523179941,4178.37,462.7,2018-04-30,4,2018-05-09,267771,22,155.58,812.61,0.0,0,0,,0,0,0
4573.69,8.05,1807592368,4725.67,160.99,2018-04-30,4,2018-05-25,267204,28,0.96,170.0,0.0,0,0,,0,0,0
530.94,7.23,3236718046,559.37,51.66,2018-04-30,4,2018-05-23,266888,8,17.28,76.17,0.0,0,0,,0,0,0
2055.23,0.07,2695523086,2091.96,2.42,2018-04-30,4,2018-05-27,267285,15,0.01,2.5,0.0,0,0,,0,0,0
984.14,28.31,1791535760,1053.63,471.75,2018-04-30,4,2018-05-24,267068,7,36.74,536.8,0.0,0,0,,0,0,0
5794.28,47.69,2532945199,6203.99,132.48,2018-04-30,4,2018-05-12,266750,19,231.8,411.97,0.0,0,0,,0,0,0
4899.65,59.15,3154881854,4998.19,492.89,2018-04-30,4,2018-05-24,266186,8,3.4,555.44,0.0,0,0,,0,0,0
1709.66,1150.03,2215161218,3019.2,552.6,2018-04-30,4,2018-04-15,266828,28,123.57,1826.2,0.0,0,0,,0,0,15
6597.62,84.25,2549132280,7042.96,382.97,2018-04-30,4,2018-05-19,266683,12,271.85,739.07,0.0,0,0,,0,0,0
6689.49,8.8,2676398398,6903.88,146.57,2018-04-30,4,2018-05-27,266413,25,0.58,155.95,0.0,0,0,,0,0,0
24453.87,12482.17,607426852,38929.58,3801.12,2018-04-30,4,2018-04-19,266263,29,1518.26,17801.55,0.0,0,0,,52.280000000002474,21,11
12224.41,139.62,2805766249,12468.22,2326.97,2018-04-30,4,2018-05-27,267244,11,6.86,2473.45,0.0,0,0,,0,0,0
327.16,19.63,2552535262,348.08,327.16,2018-04-30,4,2018-05-27,266972,11,1.29,348.08,0.0,0,0,,0,0,0
589.7,488.19,2679412960,1098.46,0.0,2018-04-30,4,2018-05-09,267427,22,7.0,495.19,0.0,0,0,,0,0,0
3702.85,137.01,2914031764,4081.16,253.72,2018-04-30,4,2018-05-03,267708,28,132.66,523.39,0.0,0,0,,0,0,0
2423.24,52.62,2408356625,2574.68,438.55,2018-04-30,4,2018-05-24,267582,8,82.61,573.78,0.0,0,0,,0,0,0
4799.81,1028.67,2328664985,6058.05,403.01,2018-04-30,4,2018-05-27,267674,12,173.92,1605.6,0.0,0,0,,0,0,0
632.75,329.03,2514197434,1002.39,632.75,2018-04-30,4,2018-05-04,266346,27,40.61,1002.39,0.0,0,0,,0,0,0
3662.49,36.31,2981141438,3837.08,259.36,2018-04-30,4,2018-05-23,267076,8,110.49,406.16,0.0,0,0,,0,0,0
1093.72,14.25,2695469941,1175.04,50.88,2018-04-30,4,2018-05-16,266230,15,48.01,113.14,0.0,0,0,,0,0,0
3182.12,26.93,3003423425,3337.58,337.06,2018-04-30,4,2018-05-26,266499,25,77.33,441.32,0.0,0,0,,6.200000000000273,18,0
4076.94,13.48,2344720989,4121.33,337.03,2018-04-30,4,2018-05-28,266280,8,0.78,351.29,0.0,0,0,,0,0,0
2215.89,127.32,2325910941,2449.63,530.5,2018-04-30,4,2018-05-18,267372,13,83.15,740.97,0.0,0,0,,0,0,0
11000.0,116.88,1357616567,11478.18,0.0,2018-04-30,4,2018-05-13,266617,18,237.57,1729.45,0.0,0,0,,0,0,0
15613.15,141.49,3158152587,16468.37,505.32,2018-04-30,4,2018-05-16,267202,29,220.21,867.02,0.0,0,0,,0,0,0
2781.06,17.8,2890044609,2912.37,127.15,2018-04-30,4,2018-05-23,266798,8,91.84,236.79,0.0,0,0,,0,0,0
3502.99,31.54,1311217456,3693.49,450.63,2018-04-30,4,2018-05-23,267695,8,131.21,613.38,0.0,0,0,,0,0,0
6294.63,4.52,1353696594,6384.42,451.63,2018-04-30,4,2018-05-28,267444,20,0.69,456.84,0.0,0,0,,0,0,0
7470.62,63.36,2322799579,7893.92,243.7,2018-04-30,4,2018-05-17,267679,14,251.84,558.9,0.0,0,0,,0,0,0
5252.6,186.4,2079692799,5649.87,665.72,2018-04-30,4,2018-05-16,266475,28,68.36,920.48,0.0,0,0,,0,0,0
2088.09,137.71,2630457237,2320.48,983.67,2018-04-30,4,2018-05-23,267742,8,84.59,1205.97,0.0,0,0,,0,0,0
4289.93,43.12,3039401904,4501.74,165.86,2018-04-30,4,2018-05-17,267627,14,106.14,315.12,0.0,0,0,,0,0,0
13728.26,1996.2,1664456637,16612.26,888.24,2018-04-30,4,2018-05-01,266788,29,556.78,3441.22,0.0,0,0,,29.340000000000146,21,0
5587.0,0.0,1737725522,5722.19,0.0,2018-04-30,4,2018-04-29,267782,1,0.0,566.19,135.19,0,0,,0,0,1
2000.0,0.0,3067057928,2081.0,0.0,2018-04-30,4,2018-05-23,267401,8,64.67,64.67,0.0,0,0,,0,0,0
2046.42,23.73,2204344553,2086.63,169.45,2018-04-30,4,2018-05-23,267489,8,1.36,194.54,0.0,0,0,,0,0,0
2737.9,2.05,2650579601,2836.83,34.15,2018-04-30,4,2018-05-27,266870,29,0.14,36.34,0.0,0,0,,0,0,0
5856.04,58.2,2981149843,6152.96,415.7,2018-04-30,4,2018-05-23,267543,8,194.29,668.19,0.0,0,0,,0,0,0
2397.24,42.59,2555748761,2546.17,304.24,2018-04-30,4,2018-05-23,266866,8,87.62,434.45,0.0,0,0,,0,0,0
612.44,105.38,2607063538,755.82,292.74,2018-04-30,4,2018-05-12,267460,19,30.64,428.76,0.0,0,0,,0,0,0
4379.65,12.81,2710348215,4501.31,213.52,2018-04-30,4,2018-05-27,267123,11,55.41,281.74,0.0,0,0,,0,0,0
14832.92,9.01,3292634486,15037.7,225.21,2018-04-30,4,2018-05-26,267750,13,1.0,235.22,0.0,0,0,,0,0,0
3223.77,179.26,2591792317,3637.27,0.0,2018-04-30,4,2018-05-04,267201,27,136.51,660.51,0.0,0,0,,0,0,0
3911.85,35.17,3064241156,4106.54,0.0,2018-04-30,4,2018-05-23,266452,8,129.63,416.01,0.0,0,0,,0,0,0
5931.76,79.35,2713532552,6212.43,566.77,2018-04-30,4,2018-05-23,266826,8,153.34,799.46,0.0,0,0,,0,0,0
10909.52,287.13,2664799198,11880.32,552.17,2018-04-30,4,2018-05-04,266763,27,369.5,1208.8,0.0,0,0,,0,0,0
2416.28,42.52,2555747408,2569.01,0.0,2018-04-30,4,2018-05-23,267231,8,90.91,437.1,0.0,0,0,,0,0,0
2476.25,281.06,2350292055,2996.26,346.1,2018-04-30,4,2018-04-05,266601,57,177.67,804.83,0.0,0,0,,0,0,25
11607.74,109.4,2415369932,12190.05,899.82,2018-04-30,4,2018-04-27,266948,8,385.46,1394.68,0.0,0,0,,0,0,3
641.29,1.48,3108433325,657.71,4.11,2018-04-30,4,2018-05-12,266245,21,0.08,5.67,0.0,0,0,,0,0,0
10871.38,33.02,2984550049,11347.82,235.87,2018-04-30,4,2018-05-23,267524,8,356.56,625.45,0.0,0,0,,0,0,0
2349.49,8.38,3056639577,2376.4,139.52,2018-04-30,4,2018-05-27,266476,8,0.48,148.38,0.0,0,0,,0,0,0
3744.37,2365.85,2073994529,6368.74,475.13,2018-04-30,4,2018-05-01,267358,29,153.18,2994.16,0.0,0,0,,0,0,0
6481.97,484.71,2729031947,7702.32,552.16,2018-04-30,4,2018-04-02,266900,60,518.88,1555.75,0.0,0,0,,0,0,28
9433.8,101.45,3277828686,10074.55,281.81,2018-04-30,4,2018-04-12,266486,19,347.11,730.37,0.0,0,0,,0,0,18
8115.0,20.19,2262086216,8347.61,577.0,2018-04-30,4,2018-05-23,267311,8,172.52,769.71,0.0,0,0,,0,0,0
2382.31,123.87,3163601141,2661.82,0.0,2018-04-30,4,2018-05-03,267755,28,87.82,441.09,0.0,0,0,,0,0,0
40369.88,8834.3,1670099456,52361.05,5767.12,2018-04-30,4,2018-04-01,267402,57,2296.83,16898.25,0.0,1,0,,0,0,29
1822.13,15.54,1893839555,1875.65,388.66,2018-04-30,4,2018-05-26,267109,22,1.86,406.06,0.0,0,0,,0,0,0
7777.63,33.45,2411770513,8128.28,238.93,2018-04-30,4,2018-05-23,266604,8,255.63,528.01,0.0,0,0,,0,0,0
1956.67,90.16,2794632853,2147.4,450.81,2018-04-30,4,2018-05-20,267541,11,80.91,621.88,0.0,0,0,,0,0,0
2821.37,74.5,1995814509,3009.24,532.09,2018-04-30,4,2018-05-23,266884,8,94.93,701.52,0.0,0,0,,0,0,0
4683.53,66.09,2273556160,4937.83,472.1,2018-04-30,4,2018-05-23,267015,8,154.29,692.48,0.0,0,0,,0,0,0
2132.7,57.32,2654123692,2265.2,420.01,2018-04-30,4,2018-05-27,266615,28,14.81,492.14,0.0,0,0,,0,0,0
1871.76,384.03,2573973036,2430.08,171.14,2018-04-30,4,2018-05-02,266335,29,112.12,667.29,0.0,0,0,,11.529999999999745,1,0
2644.69,83.95,3295328142,2857.17,281.47,2018-04-30,4,2018-05-02,266639,43,98.2,463.62,0.0,0,0,,0,0,0
3282.84,554.82,2215014776,4047.68,1027.45,2018-04-30,4,2018-05-03,267494,28,139.95,1722.22,0.0,0,0,,0,0,0
2564.04,31.97,2350626648,2698.02,228.39,2018-04-30,4,2018-05-23,266735,8,83.2,343.56,0.0,0,0,,0,0,0
6199.9,798.51,2499327921,7411.56,776.23,2018-04-30,4,2018-05-03,267148,28,242.31,1817.05,0.0,0,0,,0,0,0
956.55,26.02,2549527564,1035.0,118.29,2018-04-30,4,2018-05-19,266516,12,40.39,184.7,0.0,0,0,,0,0,0
10647.55,45.19,2223486142,11275.89,361.45,2018-04-30,4,2018-05-05,266379,26,329.52,736.16,0.0,0,0,,0,0,0
1939.36,46.25,3287135458,2082.12,165.2,2018-04-30,4,2018-05-16,266508,15,68.91,280.36,0.0,0,0,,0,0,0
3261.56,18.03,3393042235,3406.42,257.53,2018-04-30,4,2018-04-26,266879,8,103.47,379.03,0.0,0,0,,0,0,4
20000.0,0.0,3216880792,20615.0,0.0,2018-04-30,4,2018-04-26,267100,11,465.0,465.0,0.0,0,0,,0,0,4
1983.19,103.63,3163797272,2215.5,191.9,2018-04-30,4,2018-05-03,266232,28,72.26,367.79,0.0,0,0,,0,0,0
1374.01,1.58,1976349036,1397.7,7.16,2018-04-30,4,2018-05-19,266696,15,0.09,8.83,0.0,0,0,,0,0,0
3818.43,196.72,3020464527,4233.44,491.81,2018-04-30,4,2018-04-12,267245,21,140.67,829.2,0.0,0,0,,0,0,18
17777.2,318.48,3416094619,18925.34,1274.0,2018-04-30,4,2018-04-05,267030,26,485.85,2078.33,0.0,0,0,,38.0,11,25
6000.0,26.18,3458335198,6320.18,238.0,2018-04-30,4,2018-04-19,266432,12,220.05,484.23,0.0,0,0,,0,0,11
10407.5,0.0,2460551014,11345.98,1276.59,2018-04-30,4,2018-05-01,266679,48,789.35,2065.94,0.0,0,0,,0,0,0
2916.73,7.16,2469366858,3167.98,178.87,2018-04-30,4,2018-05-28,267762,43,202.56,388.59,0.0,0,0,,0,0,0
2129.36,135.73,2701062908,2448.53,205.21,2018-04-30,4,2018-05-01,266234,46,152.01,492.95,0.0,0,0,,0,0,0
6319.84,323.49,2700845463,7223.54,972.38,2018-04-30,4,2018-05-10,267158,46,484.55,1780.42,0.0,0,0,,6.8400000000001455,1,0
4879.22,6725.83,1818212709,12306.62,2281.61,2018-04-30,4,2018-04-30,266575,57,643.98,9525.38,0.0,0,0,,10.429999999999382,21,0
27561.95,0.0,966968846,27561.95,27561.95,2018-04-30,4,2016-09-18,267567,22,0.0,27561.95,0.0,1,1,,58.919999999998254,9,589
96487.98,0.0,1664875223,96487.98,13015.13,2018-04-30,4,2018-05-27,266357,60,0.0,13015.13,0.0,0,0,,223.0500000000029,21,0
7937.52,1263.16,645152710,9794.88,1412.4,2018-04-30,4,2018-04-01,267263,61,445.59,3121.14,0.0,1,0,,16.970000000000255,22,29
7582.42,1811.14,2021936177,10005.45,2027.76,2018-04-30,4,2018-04-01,267147,61,479.54,4318.44,0.0,0,0,,16.210000000000036,22,29
2000.0,18.45,3416089555,2154.15,73.8,2018-04-30,4,2018-04-02,266255,26,80.32,172.57,0.0,0,0,,0,0,28
4558.15,196.92,2177705535,5141.95,757.35,2018-04-30,4,2018-05-17,267300,48,325.65,1279.92,0.0,0,0,,0,0,0
14254.71,6.37,3400573221,14689.38,159.21,2018-04-30,4,2018-05-26,266747,27,0.74,166.32,0.0,0,0,,0,0,0
